Date,IVV
2013-03-01,152.88
2013-02-28,152.5
2013-02-27,152.63
2013-02-26,150.79
2013-02-25,149.77
2013-02-22,152.63
2013-02-21,151.18
2013-02-20,152.06
2013-02-19,154
2013-02-15,152.95
2013-02-14,153.12
2013-02-13,152.94
2013-02-12,152.84
2013-02-11,152.5
2013-02-08,152.55
2013-02-07,151.78
2013-02-06,151.96
2013-02-05,151.76
2013-02-04,150.37
2013-02-01,152.03
2013-01-31,150.46
2013-01-30,150.86
2013-01-29,151.42
2013-01-28,150.92
2013-01-25,150.92
2013-01-24,150.18
2013-01-23,150.14
2013-01-22,149.86
2013-01-18,149.13
2013-01-17,148.74
2013-01-16,147.74
2013-01-15,147.8
2013-01-14,147.74
2013-01-11,147.87
2013-01-10,147.8
2013-01-09,146.69
2013-01-08,146.3
2013-01-07,146.7
2013-01-04,147.16
2013-01-03,146.44
2013-01-02,146.63
2012-12-31,143.14
2012-12-28,140.64
2012-12-27,142.25
2012-12-26,142.39
2012-12-24,143.06
2012-12-21,143.51
2012-12-20,144.83
2012-12-19,144.03
2012-12-18,146.05
2012-12-17,144.34
2012-12-14,142.76
2012-12-13,143.26
2012-12-12,144.16
2012-12-11,143.96
2012-12-10,143.13
2012-12-07,143
2012-12-06,142.5
2012-12-05,142.06
2012-12-04,141.8
2012-12-03,142.04
2012-11-30,142.71
2012-11-29,142.71
2012-11-28,142.01
2012-11-27,140.93
2012-11-26,141.78
2012-11-23,141.83
2012-11-21,140.08
2012-11-20,139.79
2012-11-19,139.74
2012-11-16,136.84
2012-11-15,136.28
2012-11-14,136.58
2012-11-13,138.32
2012-11-12,138.87
2012-11-09,138.6
2012-11-08,138.58
2012-11-07,140.25
2012-11-06,143.51
2012-11-05,142.41
2012-11-02,142.1
2012-11-01,143.46
2012-10-31,141.48
2012-10-26,141.93
2012-10-25,142.02
2012-10-24,141.59
2012-10-23,141.95
2012-10-22,144.02
2012-10-19,143.86
2012-10-18,146.47
2012-10-17,146.78
2012-10-16,146.2
2012-10-15,144.6
2012-10-12,143.41
2012-10-11,144.02
2012-10-10,143.93
2012-10-09,144.84
2012-10-08,146.22
2012-10-05,146.7
2012-10-04,146.81
2012-10-03,145.66
2012-10-02,145.13
2012-10-01,144.92
2012-09-28,144.4
2012-09-27,145.31
2012-09-26,143.93
2012-09-25,144.76
2012-09-24,147.02
2012-09-21,147.17
2012-09-20,147.33
2012-09-19,147.39
2012-09-18,147.28
2012-09-17,147.42
2012-09-14,147.88
2012-09-13,147.33
2012-09-12,145.04
2012-09-11,144.46
2012-09-10,144.1
2012-09-07,145
2012-09-06,144.35
2012-09-05,141.48
2012-09-04,141.28
2012-08-31,141.88
2012-08-30,141.08
2012-08-29,142.1
2012-08-28,141.96
2012-08-27,142.11
2012-08-24,142.17
2012-08-23,141.26
2012-08-22,142.4
2012-08-21,142.37
2012-08-20,142.83
2012-08-17,142.79
2012-08-16,142.56
2012-08-15,141.56
2012-08-14,141.4
2012-08-13,141.32
2012-08-10,141.38
2012-08-09,141.2
2012-08-08,141.11
2012-08-07,140.91
2012-08-06,140.2
2012-08-03,139.87
2012-08-02,137.2
2012-08-01,138.16
2012-07-31,138.45
2012-07-30,139.24
2012-07-27,139.33
2012-07-26,136.67
2012-07-25,134.49
2012-07-24,134.54
2012-07-23,135.67
2012-07-20,137.01
2012-07-19,138.29
2012-07-18,138.01
2012-07-17,136.9
2012-07-16,135.98
2012-07-13,136.3
2012-07-12,134.02
2012-07-11,134.64
2012-07-10,134.69
2012-07-09,135.84
2012-07-06,135.95
2012-07-05,137.34
2012-07-03,137.97
2012-07-02,137.04
2012-06-29,136.75
2012-06-28,133.39
2012-06-27,133.71
2012-06-26,132.46
2012-06-25,131.78
2012-06-22,133.96
2012-06-21,133.02
2012-06-20,135.99
2012-06-19,136.27
2012-06-18,135.51
2012-06-15,135.2
2012-06-14,133.92
2012-06-13,132.57
2012-06-12,133.47
2012-06-11,132.54
2012-06-08,133.52
2012-06-07,132.53
2012-06-06,132.36
2012-06-05,129.33
2012-06-04,128.6
2012-06-01,128.76
2012-05-31,131.85
2012-05-30,132.19
2012-05-29,134.15
2012-05-25,132.56
2012-05-24,132.84
2012-05-23,132.74
2012-05-22,132.66
2012-05-21,132.43
2012-05-18,130.22
2012-05-17,131.35
2012-05-16,133.33
2012-05-15,133.83
2012-05-14,134.62
2012-05-11,136.03
2012-05-10,136.49
2012-05-09,136.17
2012-05-08,136.99
2012-05-07,137.55
2012-05-04,137.49
2012-05-03,139.79
2012-05-02,140.84
2012-05-01,141.21
2012-04-30,140.28
2012-04-27,140.91
2012-04-26,140.66
2012-04-25,139.73
2012-04-24,137.79
2012-04-23,137.28
2012-04-20,138.4
2012-04-19,138.28
2012-04-18,139.11
2012-04-17,139.53
2012-04-16,137.48
2012-04-13,137.59
2012-04-12,139.3
2012-04-11,137.34
2012-04-10,136.4
2012-04-09,138.69
2012-04-05,140.3
2012-04-04,140.27
2012-04-03,141.78
2012-04-02,142.32
2012-03-30,141.21
2012-03-29,140.71
2012-03-28,141
2012-03-27,141.67
2012-03-26,142.06
2012-03-23,140.81
2012-03-22,140.33
2012-03-21,141.3
2012-03-20,141.56
2012-03-19,141.99
2012-03-16,141.41
2012-03-15,141.22
2012-03-14,140.38
2012-03-13,140.56
2012-03-12,138.07
2012-03-09,138.05
2012-03-08,137.51
2012-03-07,136.17
2012-03-06,135.16
2012-03-05,137.28
2012-03-02,137.85
2012-03-01,138.21
2012-02-29,137.32
2012-02-28,138.05
2012-02-27,137.67
2012-02-24,137.37
2012-02-23,137.14
2012-02-22,136.49
2012-02-21,136.95
2012-02-17,136.85
2012-02-16,136.52
2012-02-15,135.07
2012-02-14,135.67
2012-02-13,135.82
2012-02-10,134.88
2012-02-09,135.82
2012-02-08,135.63
2012-02-07,135.23
2012-02-06,134.87
2012-02-03,135.04
2012-02-02,133.17
2012-02-01,132.88
2012-01-31,131.77
2012-01-30,131.79
2012-01-27,132.25
2012-01-26,132.33
2012-01-25,133.01
2012-01-24,131.91
2012-01-23,132.03
2012-01-20,131.91
2012-01-19,131.94
2012-01-18,131.2
2012-01-17,129.75
2012-01-13,129.5
2012-01-12,130
2012-01-11,129.69
2012-01-10,129.59
2012-01-09,128.43
2012-01-06,128.27
2012-01-05,128.55
2012-01-04,128.13
2012-01-03,128.02
2011-12-30,125.96
2011-12-29,126.54
2011-12-28,125.35
2011-12-27,126.88
2011-12-23,126.8
2011-12-22,125.8
2011-12-21,125.32
2011-12-20,125.12
2011-12-19,121.48
2011-12-16,122.78
2011-12-15,122.59
2011-12-14,122.13
2011-12-13,123.49
2011-12-12,124.64
2011-12-09,126.46
2011-12-08,124.41
2011-12-07,127.1
2011-12-06,126.7
2011-12-05,126.63
2011-12-02,125.34
2011-12-01,125.36
2011-11-30,125.4
2011-11-29,120.47
2011-11-28,120.04
2011-11-25,116.64
2011-11-23,116.93
2011-11-22,119.57
2011-11-21,120.05
2011-11-18,122.34
2011-11-17,122.5
2011-11-16,124.48
2011-11-15,126.58
2011-11-14,125.88
2011-11-11,127.1
2011-11-10,124.77
2011-11-09,123.57
2011-11-08,128.3
2011-11-07,126.65
2011-11-04,125.88
2011-11-03,126.66
2011-11-02,124.39
2011-11-01,122.46
2011-10-31,125.8
2011-10-28,129.05
2011-10-27,129.06
2011-10-26,124.75
2011-10-25,123.5
2011-10-24,125.95
2011-10-21,124.33
2011-10-20,122.09
2011-10-19,121.51
2011-10-18,123.06
2011-10-17,120.66
2011-10-14,122.94
2011-10-13,120.87
2011-10-12,121.07
2011-10-11,120.08
2011-10-10,119.98
2011-10-07,116.07
2011-10-06,116.9
2011-10-05,114.8
2011-10-04,112.56
2011-10-03,110.26
2011-09-30,113.69
2011-09-29,116.47
2011-09-28,115.46
2011-09-27,117.91
2011-09-26,116.59
2011-09-23,114.41
2011-09-22,113.87
2011-09-21,117.46
2011-09-20,121.22
2011-09-19,121.36
2011-09-16,122.55
2011-09-15,121.83
2011-09-14,119.67
2011-09-13,118.01
2011-09-12,117.06
2011-09-09,116.26
2011-09-08,119.45
2011-09-07,120.68
2011-09-06,117.39
2011-09-02,118.22
2011-09-01,121.39
2011-08-31,122.64
2011-08-30,122.04
2011-08-29,121.79
2011-08-26,118.42
2011-08-25,116.66
2011-08-24,118.51
2011-08-23,116.83
2011-08-22,113.12
2011-08-19,113.12
2011-08-18,114.85
2011-08-17,120.13
2011-08-16,120.01
2011-08-15,121.03
2011-08-12,118.58
2011-08-11,117.78
2011-08-10,112.6
2011-08-09,118.43
2011-08-08,112.63
2011-08-05,120.43
2011-08-04,120.67
2011-08-03,126.65
2011-08-02,125.99
2011-08-01,129.2
2011-07-29,129.81
2011-07-28,130.68
2011-07-27,131.08
2011-07-26,133.8
2011-07-25,134.34
2011-07-22,135.05
2011-07-21,134.96
2011-07-20,133.14
2011-07-19,133.21
2011-07-18,131.02
2011-07-15,132.16
2011-07-14,131.41
2011-07-13,132.33
2011-07-12,131.86
2011-07-11,132.49
2011-07-08,134.85
2011-07-07,135.9
2011-07-06,134.42
2011-07-05,134.3
2011-07-01,134.35
2011-06-30,132.42
2011-06-29,131.22
2011-06-28,130.03
2011-06-27,128.36
2011-06-24,127.29
2011-06-23,128.75
2011-06-22,129.71
2011-06-21,130.5
2011-06-20,128.79
2011-06-17,128.09
2011-06-16,127.68
2011-06-15,127.45
2011-06-14,129.75
2011-06-13,128.14
2011-06-10,128.04
2011-06-09,129.82
2011-06-08,128.85
2011-06-07,129.38
2011-06-06,129.5
2011-06-03,130.88
2011-06-02,132.16
2011-06-01,132.33
2011-05-31,135.31
2011-05-27,134
2011-05-26,133.46
2011-05-25,132.81
2011-05-24,132.42
2011-05-23,132.47
2011-05-20,134.09
2011-05-19,135.09
2011-05-18,134.83
2011-05-17,133.61
2011-05-16,133.64
2011-05-13,134.5
2011-05-12,135.52
2011-05-11,134.93
2011-05-10,136.34
2011-05-09,135.18
2011-05-06,134.61
2011-05-05,134.13
2011-05-04,135.28
2011-05-03,136.19
2011-05-02,136.73
2011-04-29,136.94
2011-04-28,136.57
2011-04-27,136.1
2011-04-26,135.23
2011-04-25,134.11
2011-04-21,134.21
2011-04-20,133.62
2011-04-19,131.72
2011-04-18,131
2011-04-15,132.56
2011-04-14,131.99
2011-04-13,131.88
2011-04-12,131.89
2011-04-11,132.91
2011-04-08,133.3
2011-04-07,133.78
2011-04-06,134.09
2011-04-05,133.65
2011-04-04,133.8
2011-04-01,133.61
2011-03-31,133.01
2011-03-30,133.2
2011-03-29,132.33
2011-03-28,131.44
2011-03-25,131.73
2011-03-24,131.94
2011-03-23,130.67
2011-03-22,130.31
2011-03-21,130.77
2011-03-18,128.78
2011-03-17,128.27
2011-03-16,126.67
2011-03-15,129.09
2011-03-14,130.54
2011-03-11,131.42
2011-03-10,130.44
2011-03-09,132.87
2011-03-08,133.04
2011-03-07,131.96
2011-03-04,132.96
2011-03-03,133.92
2011-03-02,131.65
2011-03-01,131.44
2011-02-28,133.62
2011-02-25,132.78
2011-02-24,131.44
2011-02-23,131.52
2011-02-22,132.35
2011-02-18,135.04
2011-02-17,134.76
2011-02-16,134.31
2011-02-15,133.5
2011-02-14,133.91
2011-02-11,133.6
2011-02-10,132.82
2011-02-09,132.76
2011-02-08,133.1
2011-02-07,132.46
2011-02-04,131.63
2011-02-03,131.25
2011-02-02,130.98
2011-02-01,131.24
2011-01-31,129.15
2011-01-28,128.14
2011-01-27,130.52
2011-01-26,130.21
2011-01-25,129.59
2011-01-24,129.61
2011-01-21,128.85
2011-01-20,128.57
2011-01-19,128.73
2011-01-18,130.04
2011-01-14,129.71
2011-01-13,128.91
2011-01-12,129.09
2011-01-11,127.92
2011-01-10,127.49
2011-01-07,127.62
2011-01-06,127.85
2011-01-05,128.09
2011-01-04,127.44
2011-01-03,127.52
2010-12-31,126.25
2010-12-30,126.24
2010-12-29,126.42
2010-12-28,126.3
2010-12-27,126.16
2010-12-23,126.09
2010-12-22,126.88
2010-12-21,126.43
2010-12-20,125.65
2010-12-17,125.4
2010-12-16,125.19
2010-12-15,124.55
2010-12-14,125.1
2010-12-13,124.97
2010-12-10,124.93
2010-12-09,124.23
2010-12-08,123.67
2010-12-07,123.22
2010-12-06,123.13
2010-12-03,123.28
2010-12-02,122.95
2010-12-01,121.4
2010-11-30,118.81
2010-11-29,119.57
2010-11-26,119.3
2010-11-24,120.61
2010-11-23,118.83
2010-11-22,120.57
2010-11-19,120.65
2010-11-18,120.38
2010-11-17,118.63
2010-11-16,118.51
2010-11-15,120.44
2010-11-12,120.6
2010-11-11,122.05
2010-11-10,122.5
2010-11-09,121.99
2010-11-08,122.92
2010-11-05,123.15
2010-11-04,122.63
2010-11-03,120.4
2010-11-02,119.87
2010-11-01,118.92
2010-10-29,118.89
2010-10-28,118.86
2010-10-27,118.77
2010-10-26,119.13
2010-10-25,119.05
2010-10-22,118.78
2010-10-21,118.52
2010-10-20,118.22
2010-10-19,117.12
2010-10-18,118.66
2010-10-15,118.12
2010-10-14,117.98
2010-10-13,118.28
2010-10-12,117.41
2010-10-11,117.05
2010-10-08,116.92
2010-10-07,116.3
2010-10-06,116.41
2010-10-05,116.39
2010-10-04,114.14
2010-10-01,115
2010-09-30,114.49
2010-09-29,114.83
2010-09-28,115.12
2010-09-27,114.61
2010-09-24,115.14
2010-09-23,113.53
2010-09-22,114.47
2010-09-21,114.98
2010-09-20,115.26
2010-09-17,113.44
2010-09-16,113.42
2010-09-15,113.49
2010-09-14,113.07
2010-09-13,113.16
2010-09-10,111.93
2010-09-09,111.3
2010-09-08,110.77
2010-09-07,110.09
2010-09-03,111.29
2010-09-02,109.86
2010-09-01,108.83
2010-08-31,105.79
2010-08-30,105.71
2010-08-27,107.22
2010-08-26,105.6
2010-08-25,106.29
2010-08-24,105.95
2010-08-23,107.5
2010-08-20,107.9
2010-08-19,108.3
2010-08-18,110.16
2010-08-17,109.97
2010-08-16,108.66
2010-08-13,108.69
2010-08-12,109
2010-08-11,109.7
2010-08-10,112.82
2010-08-09,113.39
2010-08-06,112.78
2010-08-05,113.26
2010-08-04,113.39
2010-08-03,112.58
2010-08-02,113.13
2010-07-30,110.69
2010-07-29,110.66
2010-07-28,111.2
2010-07-27,111.93
2010-07-26,111.98
2010-07-23,110.78
2010-07-22,109.84
2010-07-21,107.49
2010-07-20,108.86
2010-07-19,107.71
2010-07-16,107.05
2010-07-15,110.1
2010-07-14,110.04
2010-07-13,110.08
2010-07-12,108.42
2010-07-09,108.31
2010-07-08,107.53
2010-07-07,106.5
2010-07-06,103.25
2010-07-02,102.6
2010-07-01,103.21
2010-06-30,103.46
2010-06-29,104.58
2010-06-28,107.88
2010-06-25,108.27
2010-06-24,107.84
2010-06-23,109.58
2010-06-22,110.46
2010-06-21,112.27
2010-06-18,112.61
2010-06-17,112.51
2010-06-16,112.31
2010-06-15,112.32
2010-06-14,109.88
2010-06-11,109.99
2010-06-10,109.55
2010-06-09,106.32
2010-06-08,106.86
2010-06-07,105.85
2010-06-04,107.14
2010-06-03,111.04
2010-06-02,110.66
2010-06-01,107.84
2010-05-28,109.7
2010-05-27,111.12
2010-05-26,107.46
2010-05-25,108.16
2010-05-24,108.07
2010-05-21,109.4
2010-05-20,107.93
2010-05-19,112.14
2010-05-18,112.8
2010-05-17,114.29
2010-05-14,114.28
2010-05-13,116.37
2010-05-12,117.77
2010-05-11,116.16
2010-05-10,116.51
2010-05-07,111.46
2010-05-06,113.2
2010-05-05,117.23
2010-05-04,117.96
2010-05-03,120.76
2010-04-30,119.24
2010-04-29,121.23
2010-04-28,119.76
2010-04-27,118.87
2010-04-26,121.72
2010-04-23,122.14
2010-04-22,121.37
2010-04-21,121.06
2010-04-20,121.28
2010-04-19,120.19
2010-04-16,119.79
2010-04-15,121.68
2010-04-14,121.55
2010-04-13,120.24
2010-04-12,120.13
2010-04-09,119.9
2010-04-08,119.12
2010-04-07,118.76
2010-04-06,119.39
2010-04-05,119.16
2010-04-01,118.21
2010-03-31,117.34
2010-03-30,117.77
2010-03-29,117.71
2010-03-26,117.06
2010-03-25,117.01
2010-03-24,117.72
2010-03-23,118.3
2010-03-22,117.45
2010-03-19,116.82
2010-03-18,117.43
2010-03-17,117.48
2010-03-16,116.82
2010-03-15,115.88
2010-03-12,115.81
2010-03-11,115.82
2010-03-10,115.3
2010-03-09,114.79
2010-03-08,114.66
2010-03-05,114.62
2010-03-04,112.99
2010-03-03,112.68
2010-03-02,112.51
2010-03-01,112.22
2010-02-26,111.05
2010-02-25,111.05
2010-02-24,111.14
2010-02-23,110.13
2010-02-22,111.53
2010-02-19,111.52
2010-02-18,111.29
2010-02-17,110.59
2010-02-16,110.1
2010-02-12,108.39
2010-02-11,108.43
2010-02-10,107.33
2010-02-09,107.58
2010-02-08,106.2
2010-02-05,107.03
2010-02-04,106.8
2010-02-03,110.17
2010-02-02,110.73
2010-02-01,109.36
2010-01-29,107.66
2010-01-28,108.88
2010-01-27,110.2
2010-01-26,109.64
2010-01-25,110.16
2010-01-22,109.61
2010-01-21,112.03
2010-01-20,114.27
2010-01-19,115.41
2010-01-15,114
2010-01-14,115.3
2010-01-13,114.96
2010-01-12,114.06
2010-01-11,115.12
2010-01-08,114.96
2010-01-07,114.57
2010-01-06,114.07
2010-01-05,113.98
2010-01-04,113.65
2009-12-31,111.81
2009-12-30,112.89
2009-12-29,112.98
2009-12-28,113.13
2009-12-24,112.93
2009-12-23,112.93
2009-12-22,112.65
2009-12-21,112.21
2009-12-18,111.18
2009-12-17,110.48
2009-12-16,111.9
2009-12-15,111.69
2009-12-14,112.23
2009-12-11,111.47
2009-12-10,111
2009-12-09,110.35
2009-12-08,110.02
2009-12-07,111.19
2009-12-04,111.36
2009-12-03,110.76
2009-12-02,111.7
2009-12-01,111.58
2009-11-30,110.3
2009-11-27,109.97
2009-11-25,111.71
2009-11-24,111.29
2009-11-23,111.24
2009-11-20,109.89
2009-11-19,110.13
2009-11-18,111.62
2009-11-17,111.65
2009-11-16,111.55
2009-11-13,110.02
2009-11-12,109.37
2009-11-11,110.48
2009-11-10,109.89
2009-11-09,109.92
2009-11-06,107.51
2009-11-05,107.16
2009-11-04,105.1
2009-11-03,104.97
2009-11-02,104.63
2009-10-30,103.97
2009-10-29,106.96
2009-10-28,104.76
2009-10-27,106.77
2009-10-26,107.19
2009-10-23,108.46
2009-10-22,109.64
2009-10-21,108.56
2009-10-20,109.63
2009-10-19,110.17
2009-10-16,109.25
2009-10-15,110.07
2009-10-14,109.7
2009-10-13,107.83
2009-10-12,108.03
2009-10-09,107.55
2009-10-08,106.92
2009-10-07,106.11
2009-10-06,105.8
2009-10-05,104.35
2009-10-02,102.85
2009-10-01,103.32
2009-09-30,106.01
2009-09-29,106.32
2009-09-28,106.62
2009-09-25,104.86
2009-09-24,105.32
2009-09-23,106.56
2009-09-22,107.94
2009-09-21,107.29
2009-09-18,107.6
2009-09-17,107.53
2009-09-16,107.66
2009-09-15,106.04
2009-09-14,105.71
2009-09-11,105.14
2009-09-10,105.09
2009-09-09,104.06
2009-09-08,103.27
2009-09-04,102.36
2009-09-03,100.92
2009-09-02,100.11
2009-09-01,100.5
2009-08-31,102.8
2009-08-28,103.73
2009-08-27,103.78
2009-08-26,103.46
2009-08-25,103.5
2009-08-24,103.27
2009-08-21,103.28
2009-08-20,101.31
2009-08-19,100.3
2009-08-18,99.52
2009-08-17,98.57
2009-08-14,101.05
2009-08-13,101.88
2009-08-12,101.12
2009-08-11,100
2009-08-10,101.34
2009-08-07,101.49
2009-08-06,100.23
2009-08-05,100.69
2009-08-04,100.98
2009-08-03,100.67
2009-07-31,99.17
2009-07-30,98.95
2009-07-29,97.93
2009-07-28,98.41
2009-07-27,98.67
2009-07-24,98.39
2009-07-23,97.96
2009-07-22,95.84
2009-07-21,95.79
2009-07-20,95.33
2009-07-17,94.48
2009-07-16,94.44
2009-07-15,93.6
2009-07-14,90.96
2009-07-13,90.39
2009-07-10,88.25
2009-07-09,88.51
2009-07-08,88.29
2009-07-07,88.33
2009-07-06,90.1
2009-07-02,90.07
2009-07-01,92.63
2009-06-30,92.35
2009-06-29,92.98
2009-06-26,92.01
2009-06-25,92.31
2009-06-24,90.39
2009-06-23,89.64
2009-06-22,90.03
2009-06-19,92.84
2009-06-18,92.31
2009-06-17,91.77
2009-06-16,91.94
2009-06-15,93.18
2009-06-12,95.39
2009-06-11,95.08
2009-06-10,94.66
2009-06-09,94.92
2009-06-08,94.48
2009-06-05,94.86
2009-06-04,94.82
2009-06-03,93.94
2009-06-02,95.14
2009-06-01,95.02
2009-05-29,92.81
2009-05-28,91.13
2009-05-27,89.89
2009-05-26,91.6
2009-05-22,89.22
2009-05-21,89.4
2009-05-20,90.76
2009-05-19,91.33
2009-05-18,91.44
2009-05-15,88.94
2009-05-14,89.65
2009-05-13,89.04
2009-05-12,91.24
2009-05-11,91.41
2009-05-08,93.23
2009-05-07,91.04
2009-05-06,92.34
2009-05-05,90.77
2009-05-04,91.15
2009-05-01,88.12
2009-04-30,87.69
2009-04-29,87.6
2009-04-28,85.83
2009-04-27,86.11
2009-04-24,86.87
2009-04-23,85.6
2009-04-22,84.77
2009-04-21,85.32
2009-04-20,83.69
2009-04-17,87.28
2009-04-16,86.77
2009-04-15,85.48
2009-04-14,84.57
2009-04-13,86.1
2009-04-09,86
2009-04-08,82.7
2009-04-07,81.8
2009-04-06,83.75
2009-04-03,84.45
2009-04-02,83.63
2009-04-01,81.26
2009-03-31,79.62
2009-03-30,78.99
2009-03-27,81.8
2009-03-26,83.3
2009-03-25,81.57
2009-03-24,81.45
2009-03-23,83.04
2009-03-20,77.4
2009-03-19,79.08
2009-03-18,79.97
2009-03-17,78.37
2009-03-16,76.09
2009-03-13,76.28
2009-03-12,75.67
2009-03-11,72.72
2009-03-10,72.37
2009-03-09,68.19
2009-03-06,68.95
2009-03-05,68.96
2009-03-04,71.95
2009-03-03,70.18
2009-03-02,70.79
2009-02-27,74.21
2009-02-26,75.78
2009-02-25,76.97
2009-02-24,77.7
2009-02-23,74.92
2009-02-20,77.63
2009-02-19,78.41
2009-02-18,79.23
2009-02-17,79.35
2009-02-13,82.99
2009-02-12,83.93
2009-02-11,83.79
2009-02-10,83.23
2009-02-09,87.38
2009-02-06,87.18
2009-02-05,84.81
2009-02-04,83.54
2009-02-03,83.93
2009-02-02,82.72
2009-01-30,82.97
2009-01-29,84.73
2009-01-28,87.56
2009-01-27,84.74
2009-01-26,83.9
2009-01-23,83.22
2009-01-22,83.02
2009-01-21,84.25
2009-01-20,80.74
2009-01-16,85.23
2009-01-15,84.7
2009-01-14,84.52
2009-01-13,87.28
2009-01-12,87.21
2009-01-09,89.26
2009-01-08,91.26
2009-01-07,90.86
2009-01-06,93.61
2009-01-05,93.02
2009-01-02,93.26
2008-12-31,90.31
2008-12-30,89.14
2008-12-29,87.25
2008-12-26,87.4
2008-12-24,86.85
2008-12-23,86.97
2008-12-22,88.04
2008-12-19,89.23
2008-12-18,89.47
2008-12-17,91.14
2008-12-16,92.05
2008-12-15,87.72
2008-12-12,88.67
2008-12-11,88.21
2008-12-10,90.56
2008-12-09,89.64
2008-12-08,91.32
2008-12-05,88.21
2008-12-04,85.07
2008-12-03,87.67
2008-12-02,85.48
2008-12-01,82.24
2008-11-28,90.12
2008-11-26,89.22
2008-11-25,86.26
2008-11-24,84.89
2008-11-21,80.47
2008-11-20,75.99
2008-11-19,81.38
2008-11-18,86.25
2008-11-17,85.47
2008-11-14,87.74
2008-11-13,91.66
2008-11-12,85.81
2008-11-11,90.19
2008-11-10,92.47
2008-11-07,93.24
2008-11-06,90.9
2008-11-05,95.86
2008-11-04,100.65
2008-11-03,97
2008-10-31,97.39
2008-10-30,95.67
2008-10-29,92.29
2008-10-28,94.19
2008-10-27,84.78
2008-10-24,87.63
2008-10-23,91.1
2008-10-22,90.34
2008-10-21,95.57
2008-10-20,98.75
2008-10-17,94.21
2008-10-16,94.71
2008-10-15,90.79
2008-10-14,99.95
2008-10-13,100.91
2008-10-10,91.5
2008-10-09,91.89
2008-10-08,98.38
2008-10-07,100.4
2008-10-06,106.59
2008-10-03,110.25
2008-10-02,111.63
2008-10-01,115.9
2008-09-30,116.82
2008-09-29,112.35
2008-09-26,121.36
2008-09-25,121.15
2008-09-24,119.4
2008-09-23,119.42
2008-09-22,121.61
2008-09-19,125.96
2008-09-18,120.78
2008-09-17,116.5
2008-09-16,122.04
2008-09-15,120.52
2008-09-12,125.96
2008-09-11,125.66
2008-09-10,123.78
2008-09-09,123.14
2008-09-08,127.46
2008-09-05,124.89
2008-09-04,124.29
2008-09-03,128.26
2008-09-02,128.35
2008-08-29,128.94
2008-08-28,130.55
2008-08-27,128.72
2008-08-26,127.64
2008-08-25,127.35
2008-08-22,129.74
2008-08-21,128.22
2008-08-20,127.96
2008-08-19,127.25
2008-08-18,128.54
2008-08-15,130.29
2008-08-14,129.76
2008-08-13,129.05
2008-08-12,129.52
2008-08-11,130.88
2008-08-08,129.84
2008-08-07,127.15
2008-08-06,129.33
2008-08-05,128.65
2008-08-04,125.14
2008-08-01,126.32
2008-07-31,127.05
2008-07-30,128.66
2008-07-29,126.46
2008-07-28,123.86
2008-07-25,125.89
2008-07-24,125.65
2008-07-23,128.43
2008-07-22,127.85
2008-07-21,126.22
2008-07-18,126.06
2008-07-17,126.16
2008-07-16,124.63
2008-07-15,121.62
2008-07-14,123.1
2008-07-11,124.26
2008-07-10,125.62
2008-07-09,124.68
2008-07-08,127.49
2008-07-07,125.29
2008-07-03,126.33
2008-07-02,126.26
2008-07-01,128.57
2008-06-30,128
2008-06-27,128.06
2008-06-26,128.33
2008-06-25,132.24
2008-06-24,131.46
2008-06-23,132.48
2008-06-20,132.5
2008-06-19,134.91
2008-06-18,134.51
2008-06-17,135.61
2008-06-16,136.59
2008-06-13,136.62
2008-06-12,134.58
2008-06-11,133.93
2008-06-10,136.3
2008-06-09,136.82
2008-06-06,136.56
2008-06-05,140.82
2008-06-04,138.31
2008-06-03,138.31
2008-06-02,139.02
2008-05-30,140.39
2008-05-29,140.28
2008-05-28,139.65
2008-05-27,138.97
2008-05-23,138.06
2008-05-22,139.74
2008-05-21,139.56
2008-05-20,141.91
2008-05-19,143.1
2008-05-16,142.84
2008-05-15,142.79
2008-05-14,141.16
2008-05-13,140.6
2008-05-12,140.67
2008-05-09,139.11
2008-05-08,140.08
2008-05-07,139.53
2008-05-06,142.1
2008-05-05,140.91
2008-05-02,141.58
2008-05-01,141.15
2008-04-30,138.61
2008-04-29,139.23
2008-04-28,139.83
2008-04-25,139.97
2008-04-24,138.97
2008-04-23,138.1
2008-04-22,137.92
2008-04-21,138.95
2008-04-18,139.19
2008-04-17,136.63
2008-04-16,136.42
2008-04-15,133.72
2008-04-14,133
2008-04-11,133.52
2008-04-10,136.16
2008-04-09,135.65
2008-04-08,136.76
2008-04-07,137.24
2008-04-04,137.21
2008-04-03,137.01
2008-04-02,136.82
2008-04-01,137.1
2008-03-31,132.23
2008-03-28,131.62
2008-03-27,132.75
2008-03-26,133.45
2008-03-25,135.32
2008-03-24,135.6
2008-03-20,133.34
2008-03-19,130.56
2008-03-18,133.62
2008-03-17,128.16
2008-03-14,129.48
2008-03-13,132.14
2008-03-12,131.55
2008-03-11,132.61
2008-03-10,128.13
2008-03-07,129.99
2008-03-06,131.04
2008-03-05,134.19
2008-03-04,133.15
2008-03-03,133.7
2008-02-29,133.75
2008-02-28,137.19
2008-02-27,138.39
2008-02-26,138.6
2008-02-25,137.59
2008-02-22,135.92
2008-02-21,134.79
2008-02-20,136.36
2008-02-19,135.31
2008-02-15,135.3
2008-02-14,135.23
2008-02-13,136.89
2008-02-12,135.21
2008-02-11,134.17
2008-02-08,133.38
2008-02-07,133.98
2008-02-06,132.98
2008-02-05,134.01
2008-02-04,138.3
2008-02-01,139.7
2008-01-31,137.54
2008-01-30,135.59
2008-01-29,136.27
2008-01-28,135.55
2008-01-25,133.21
2008-01-24,135.22
2008-01-23,134.06
2008-01-22,131.21
2008-01-18,132.79
2008-01-17,133.5
2008-01-16,137.36
2008-01-15,138.24
2008-01-14,141.75
2008-01-11,140.32
2008-01-10,142.04
2008-01-09,141.05
2008-01-08,139.21
2008-01-07,141.83
2008-01-04,141.2
2008-01-03,144.72
2008-01-02,144.91
2007-12-31,146.74
2007-12-28,147.6
2007-12-27,148.13
2007-12-26,150.67
2007-12-24,150.16
2007-12-21,149.04
2007-12-20,147.1
2007-12-19,146.07
2007-12-18,146.24
2007-12-17,145.32
2007-12-14,147.3
2007-12-13,149.51
2007-12-12,149.32
2007-12-11,148.39
2007-12-10,152.41
2007-12-07,151.03
2007-12-06,151.18
2007-12-05,149.19
2007-12-04,146.56
2007-12-03,147.76
2007-11-30,148.75
2007-11-29,147.48
2007-11-28,147.4
2007-11-27,142.98
2007-11-26,141.11
2007-11-23,144.37
2007-11-21,141.86
2007-11-20,144.8
2007-11-19,144.04
2007-11-16,146.2
2007-11-15,145.68
2007-11-14,147.77
2007-11-13,148.23
2007-11-12,144.02
2007-11-09,145.37
2007-11-08,147.39
2007-11-07,148.27
2007-11-06,152.35
2007-11-05,150.22
2007-11-02,151.44
2007-11-01,151.3
2007-10-31,155.13
2007-10-30,153.22
2007-10-29,154.4
2007-10-26,153.9
2007-10-25,152.23
2007-10-24,151.71
2007-10-23,152.09
2007-10-22,150.8
2007-10-19,150.25
2007-10-18,153.96
2007-10-17,154.63
2007-10-16,154.14
2007-10-15,155.25
2007-10-12,156.7
2007-10-11,155.8
2007-10-10,156.46
2007-10-09,156.79
2007-10-08,155.27
2007-10-05,156.14
2007-10-04,154.23
2007-10-03,154.1
2007-10-02,154.42
2007-10-01,154.52
2007-09-28,152.97
2007-09-27,153.38
2007-09-26,152.55
2007-09-25,152.38
2007-09-24,152.59
2007-09-21,152.85
2007-09-20,152.7
2007-09-19,153.45
2007-09-18,152.55
2007-09-17,148.35
2007-09-14,149.18
2007-09-13,149.11
2007-09-12,148.05
2007-09-11,147.71
2007-09-10,145.9
2007-09-07,146.4
2007-09-06,148.45
2007-09-05,148.06
2007-09-04,149.5
2007-08-31,147.62
2007-08-30,146.36
2007-08-29,146.95
2007-08-28,143.98
2007-08-27,147.05
2007-08-24,148.55
2007-08-23,146.7
2007-08-22,146.9
2007-08-21,144.96
2007-08-20,144.82
2007-08-17,145
2007-08-16,142.55
2007-08-15,141.25
2007-08-14,143.4
2007-08-13,145.47
2007-08-10,144.87
2007-08-09,145.55
2007-08-08,150.02
2007-08-07,147.88
2007-08-06,146.37
2007-08-03,143.9
2007-08-02,147.7
2007-08-01,146.51
2007-07-31,145.71
2007-07-30,147.66
2007-07-27,145.43
2007-07-26,148.43
2007-07-25,151.83
2007-07-24,151.55
2007-07-23,154.35
2007-07-20,153.8
2007-07-19,155.22
2007-07-18,154.72
2007-07-17,154.93
2007-07-16,155.05
2007-07-13,155.1
2007-07-12,154.84
2007-07-11,152.25
2007-07-10,151.05
2007-07-09,153.2
2007-07-06,153.25
2007-07-05,152.5
2007-07-03,152.64
2007-07-02,152.03
2007-06-29,150.51
2007-06-28,151.3
2007-06-27,151.38
2007-06-26,149.23
2007-06-25,150.78
2007-06-22,151.17
2007-06-21,152.76
2007-06-20,151.85
2007-06-19,154.05
2007-06-18,153.79
2007-06-15,153.87
2007-06-14,153.06
2007-06-13,152.14
2007-06-12,149.82
2007-06-11,151.52
2007-06-08,151.27
2007-06-07,149.34
2007-06-06,152.13
2007-06-05,153.78
2007-06-04,154.33
2007-06-01,154.21
2007-05-31,153.55
2007-05-30,153.67
2007-05-29,152.52
2007-05-25,151.98
2007-05-24,151.34
2007-05-23,152.64
2007-05-22,152.55
2007-05-21,152.81
2007-05-18,152.81
2007-05-17,151.53
2007-05-16,151.86
2007-05-15,150.73
2007-05-14,150.82
2007-05-11,151.09
2007-05-10,149.73
2007-05-09,151.44
2007-05-08,150.95
2007-05-07,151.21
2007-05-04,151.19
