Date,MDY
3/1/13,200.23
2/28/13,200.51
2/27/13,201
2/26/13,198.12
2/25/13,196.88
2/22/13,201.48
2/21/13,199.02
2/20/13,200.78
2/19/13,204.44
2/15/13,203.13
2/14/13,203.43
2/13/13,202.9
2/12/13,202.37
2/11/13,201.4
2/8/13,201.9
2/7/13,200.64
2/6/13,200.97
2/5/13,199.86
2/4/13,198.66
2/1/13,200.48
1/31/13,198.86
1/30/13,198.02
1/29/13,199.24
1/28/13,199.34
1/25/13,199.64
1/24/13,197.76
1/23/13,196.8
1/22/13,196.82
1/18/13,195.19
1/17/13,194.78
1/16/13,193.12
1/15/13,193.59
1/14/13,192.65
1/11/13,192.28
1/10/13,192.58
1/9/13,192.18
1/8/13,191.01
1/7/13,191.52
1/4/13,192.05
1/3/13,190.72
1/2/13,190.86
12/31/12,185.71
12/28/12,182.73
12/27/12,183.85
12/26/12,184.02
12/24/12,185.44
12/21/12,186.49
12/20/12,188.05
12/19/12,186.89
12/18/12,187.2
12/17/12,184.66
12/14/12,183
12/13/12,183.37
12/12/12,184.55
12/11/12,184.84
12/10/12,184.05
12/7/12,182.91
12/6/12,182.67
12/5/12,182.3
12/4/12,181.91
12/3/12,182.03
11/30/12,182.35
11/29/12,182.42
11/28/12,181.18
11/27/12,180.01
11/26/12,180.41
11/23/12,180.55
11/21/12,178.4
11/20/12,177.89
11/19/12,177.29
11/16/12,173.76
11/15/12,172.52
11/14/12,173.2
11/13/12,176.49
11/12/12,176.54
11/9/12,176.8
11/8/12,176.37
11/7/12,178.9
11/6/12,182.69
11/5/12,181.1
11/2/12,179.99
11/1/12,182.68
10/31/12,178.25
10/26/12,177.56
10/25/12,178.07
10/24/12,177.68
10/23/12,178.18
10/22/12,179.48
10/19/12,179.59
10/18/12,182.37
10/17/12,182.51
10/16/12,181.17
10/15/12,179.32
10/12/12,177.66
10/11/12,179.13
10/10/12,178.23
10/9/12,179.11
10/8/12,180.71
10/5/12,181.53
10/4/12,181.53
10/3/12,179.86
10/2/12,179.9
10/1/12,178.97
9/28/12,179.92
9/27/12,180.68
9/26/12,178.57
9/25/12,179.94
9/24/12,182.73
9/21/12,182.74
9/20/12,183.4
9/19/12,184.67
9/18/12,184.22
9/17/12,185.5
9/14/12,187.35
9/13/12,185.31
9/12/12,183.49
9/11/12,182.54
9/10/12,182.42
9/7/12,183.16
9/6/12,182.21
9/5/12,178.71
9/4/12,179
8/31/12,177.33
8/30/12,176.22
8/29/12,177.52
8/28/12,177.4
8/27/12,176.65
8/24/12,176.7
8/23/12,176.24
8/22/12,177.41
8/21/12,177.78
8/20/12,177.57
8/17/12,178.1
8/16/12,177.33
8/15/12,175.79
8/14/12,174.56
8/13/12,174.83
8/10/12,175.09
8/9/12,175.06
8/8/12,174.73
8/7/12,174.59
8/6/12,172.81
8/3/12,171.91
8/2/12,168.65
8/1/12,169.46
7/31/12,171.26
7/30/12,172.28
7/27/12,172.72
7/26/12,169.2
7/25/12,166.72
7/24/12,166.37
7/23/12,168.85
7/20/12,171.14
7/19/12,172.74
7/18/12,172.65
7/17/12,171.49
7/16/12,170.46
7/13/12,171.51
7/12/12,168.84
7/11/12,169.45
7/10/12,169.96
7/9/12,171.88
7/6/12,172.49
7/5/12,174.5
7/3/12,174.47
7/2/12,172.49
6/29/12,171.3
6/28/12,166.79
6/27/12,166.29
6/26/12,164.65
6/25/12,163.55
6/22/12,166.54
6/21/12,165.79
6/20/12,170.25
6/19/12,170.37
6/18/12,168.61
6/15/12,167.25
6/14/12,166.05
6/13/12,164.98
6/12/12,167.22
6/11/12,165.55
6/8/12,168.72
6/7/12,167.33
6/6/12,168.1
6/5/12,164.56
6/4/12,162.51
6/1/12,163.34
5/31/12,168.57
5/30/12,169.01
5/29/12,172.45
5/25/12,170.29
5/24/12,170.64
5/23/12,170.01
5/22/12,169.04
5/21/12,168.53
5/18/12,164.71
5/17/12,166.79
5/16/12,171.41
5/15/12,172.94
5/14/12,173.61
5/11/12,175.58
5/10/12,175.53
5/9/12,175.37
5/8/12,176.05
5/7/12,176.38
5/4/12,175.7
5/3/12,178.49
5/2/12,181.47
5/1/12,181.14
4/30/12,180.2
4/27/12,181.75
4/26/12,180.99
4/25/12,179.24
4/24/12,176.2
4/23/12,175.76
4/20/12,177.48
4/19/12,177.25
4/18/12,177.93
4/17/12,178.42
4/16/12,175.62
4/13/12,175.54
4/12/12,177.74
4/11/12,174.62
4/10/12,172.64
4/9/12,176.8
4/5/12,178.99
4/4/12,179.72
4/3/12,182.18
4/2/12,181.77
3/30/12,180.71
3/29/12,180.86
3/28/12,181.13
3/27/12,182.09
3/26/12,182.84
3/23/12,180.14
3/22/12,178.97
3/21/12,180.81
3/20/12,181.01
3/19/12,182.35
3/16/12,181.74
3/15/12,182.38
3/14/12,180.71
3/13/12,182.1
3/12/12,178.61
3/9/12,179.26
3/8/12,177.54
3/7/12,175.53
3/6/12,173.8
3/5/12,177.21
3/2/12,177.85
3/1/12,179.35
2/29/12,177.67
2/28/12,179.02
2/27/12,179.24
2/24/12,179.21
2/23/12,179.16
2/22/12,177.73
2/21/12,178.42
2/17/12,179.21
2/16/12,179.34
2/15/12,176.58
2/14/12,177.13
2/13/12,177.21
2/10/12,175.33
2/9/12,177.27
2/8/12,177.04
2/7/12,176.66
2/6/12,176.47
2/3/12,176.63
2/2/12,173.9
2/1/12,173.51
1/31/12,170
1/30/12,170.42
1/27/12,171.44
1/26/12,170.4
1/25/12,171.53
1/24/12,169.78
1/23/12,169.14
1/20/12,169.13
1/19/12,169.25
1/18/12,167.9
1/17/12,165.14
1/13/12,164.95
1/12/12,165.72
1/11/12,165.4
1/10/12,165.06
1/9/12,162.83
1/6/12,161.93
1/5/12,162.08
1/4/12,160.84
1/3/12,161.28
12/30/11,159.49
12/29/11,160.45
12/28/11,158.4
12/27/11,161.02
12/23/11,160.76
12/22/11,159.8
12/21/11,158.2
12/20/11,157.91
12/19/11,152.66
12/16/11,155.22
12/15/11,154.26
12/14/11,153.22
12/13/11,155.53
12/12/11,158.57
12/9/11,161.28
12/8/11,157.53
12/7/11,161.76
12/6/11,162.26
12/5/11,162.64
12/2/11,160.31
12/1/11,159.91
11/30/11,161.01
11/29/11,153.28
11/28/11,153.16
11/25/11,147.81
11/23/11,148.51
11/22/11,152.74
11/21/11,153.49
11/18/11,156.62
11/17/11,156.98
11/16/11,159.99
11/15/11,162.18
11/14/11,160.54
11/11/11,162.2
11/10/11,158.58
11/9/11,157.79
11/8/11,165.08
11/7/11,163.26
11/4/11,163.56
11/3/11,163.14
11/2/11,159.43
11/1/11,156.32
10/31/11,161.4
10/28/11,165.41
10/27/11,166.06
10/26/11,159.14
10/25/11,157.15
10/24/11,160.97
10/21/11,156.49
10/20/11,153.26
10/19/11,152.57
10/18/11,155.08
10/17/11,151.03
10/14/11,155.48
10/13/11,152.77
10/12/11,152.48
10/11/11,150.75
10/10/11,150.54
10/7/11,145.24
10/6/11,147.46
10/5/11,144.01
10/4/11,141.02
10/3/11,135.39
9/30/11,142.13
9/29/11,146.11
9/28/11,145.01
9/27/11,149.73
9/26/11,147.08
9/23/11,144.35
9/22/11,142.54
9/21/11,147.87
9/20/11,153.29
9/19/11,155.18
9/16/11,157.12
9/15/11,157.58
9/14/11,155.53
9/13/11,152.71
9/12/11,150.64
9/9/11,149.85
9/8/11,154.04
9/7/11,156.07
9/6/11,150.6
9/2/11,151.53
9/1/11,156.61
8/31/11,159.04
8/30/11,158.53
8/29/11,157.84
8/26/11,151.9
8/25/11,148.1
8/24/11,151.26
8/23/11,149.12
8/22/11,143.54
8/19/11,143.35
8/18/11,145.93
8/17/11,154.51
8/16/11,155.2
8/15/11,157.3
8/12/11,153.29
8/11/11,152.49
8/10/11,144.84
8/9/11,149.79
8/8/11,140.98
8/5/11,153.35
8/4/11,155.9
8/3/11,165.89
8/2/11,165.21
8/1/11,170.31
7/29/11,171.31
7/28/11,171.73
7/27/11,172.5
7/26/11,177.36
7/25/11,178.67
7/22/11,179.98
7/21/11,179.6
7/20/11,177.94
7/19/11,178.23
7/18/11,174.78
7/15/11,177.14
7/14/11,176.03
7/13/11,178.4
7/12/11,177.8
7/11/11,178.56
7/8/11,182.29
7/7/11,183.71
7/6/11,181.75
7/5/11,180.69
7/1/11,180.55
6/30/11,177.45
6/29/11,176.51
6/28/11,175.11
6/27/11,172.43
6/24/11,171.71
6/23/11,172.98
6/22/11,173.07
6/21/11,173.81
6/20/11,170.52
6/17/11,169.15
6/16/11,169.28
6/15/11,169.52
6/14/11,172.1
6/13/11,169.01
6/10/11,169.34
6/9/11,172.01
6/8/11,171.31
6/7/11,172.83
6/6/11,172.29
6/3/11,174.72
6/2/11,177.23
6/1/11,177.33
5/31/11,182.58
5/27/11,179.89
5/26/11,178.86
5/25/11,177.25
5/24/11,175.97
5/23/11,176.42
5/20/11,179.28
5/19/11,180.66
5/18/11,180.42
5/17/11,177.7
5/16/11,178.95
5/13/11,180.59
5/12/11,182.35
5/11/11,181.26
5/10/11,183.27
5/9/11,181.38
5/6/11,179.52
5/5/11,179.09
5/4/11,179.8
5/3/11,181.39
5/2/11,182.97
4/29/11,184.27
4/28/11,183.66
4/27/11,183.57
4/26/11,182.25
4/25/11,180.54
4/21/11,180.53
4/20/11,179.53
4/19/11,176.34
4/18/11,175.41
4/15/11,178.47
4/14/11,176.9
4/13/11,176.77
4/12/11,176.28
4/11/11,177.98
4/8/11,179.23
4/7/11,180.61
4/6/11,181.67
4/5/11,181.48
4/4/11,180.9
4/1/11,180.81
3/31/11,179.55
3/30/11,178.54
3/29/11,176.81
3/28/11,175.37
3/25/11,176.02
3/24/11,174.73
3/23/11,172.96
3/22/11,173.28
3/21/11,174.42
3/18/11,170.99
3/17/11,170.53
3/16/11,169.55
3/15/11,171.34
3/14/11,172.48
3/11/11,173.25
3/10/11,172.12
3/9/11,175.24
3/8/11,175.76
3/7/11,173.59
3/4/11,176.06
3/3/11,177.14
3/2/11,173.46
3/1/11,172.65
2/28/11,175.47
2/25/11,175.32
2/24/11,171.76
2/23/11,171.77
2/22/11,174.21
2/18/11,178.43
2/17/11,178.28
2/16/11,177.53
2/15/11,176.26
2/14/11,176.88
2/11/11,176.24
2/10/11,174.42
2/9/11,173.57
2/8/11,173.87
2/7/11,173.02
2/4/11,171.61
2/3/11,170.67
2/2/11,170.12
2/1/11,170.43
1/31/11,167.85
1/28/11,166.55
1/27/11,169.71
1/26/11,169.05
1/25/11,167.62
1/24/11,167.35
1/21/11,165.98
1/20/11,166.54
1/19/11,167.8
1/18/11,170.31
1/14/11,169.01
1/13/11,167.79
1/12/11,167.93
1/11/11,166.83
1/10/11,166.14
1/7/11,165.26
1/6/11,165.67
1/5/11,166.1
1/4/11,165.05
1/3/11,166.7
12/31/10,164.68
12/30/10,165.66
12/29/10,165.71
12/28/10,165.07
12/27/10,165.42
12/23/10,165.37
12/22/10,165.65
12/21/10,165.21
12/20/10,163.93
12/17/10,163.8
12/16/10,163.87
12/15/10,162.26
12/14/10,162.9
12/13/10,163.01
12/10/10,163.51
12/9/10,161.8
12/8/10,161.3
12/7/10,161.49
12/6/10,161.31
12/3/10,161.24
12/2/10,160.28
12/1/10,158.25
11/30/10,154.99
11/29/10,155.87
11/26/10,155.96
11/24/10,157.06
11/23/10,153.97
11/22/10,155.77
11/19/10,154.52
11/18/10,154.04
11/17/10,151.9
11/16/10,151.03
11/15/10,153.63
11/12/10,153.26
11/11/10,155.69
11/10/10,156.06
11/9/10,154.74
11/8/10,156.42
11/5/10,156.46
11/4/10,155.39
11/3/10,152.57
11/2/10,152.09
11/1/10,150.49
10/29/10,150.53
10/28/10,150.18
10/27/10,150.38
10/26/10,150.45
10/25/10,150.67
10/22/10,149.73
10/21/10,148.7
10/20/10,148.95
10/19/10,147.15
10/18/10,149.17
10/15/10,148.89
10/14/10,148.89
10/13/10,149.46
10/12/10,148.06
10/11/10,147.56
10/8/10,147.31
10/7/10,146.28
10/6/10,146.34
10/5/10,147.41
10/4/10,144.46
10/1/10,145.97
9/30/10,145.59
9/29/10,145.44
9/28/10,145.35
9/27/10,144.42
9/24/10,144.42
9/23/10,141.08
9/22/10,142.07
9/21/10,143.24
9/20/10,144.03
9/17/10,141.69
9/16/10,141.66
9/15/10,142.11
9/14/10,141.4
9/13/10,141.43
9/10/10,138.94
9/9/10,138.59
9/8/10,138.21
9/7/10,137.33
9/3/10,139.23
9/2/10,137.36
9/1/10,135.59
8/31/10,131.11
8/30/10,131.24
8/27/10,133.49
8/26/10,130.65
8/25/10,131.52
8/24/10,130.48
8/23/10,132.55
8/20/10,133.94
8/19/10,133.93
8/18/10,136.23
8/17/10,135.89
8/16/10,133.65
8/13/10,133.58
8/12/10,134.15
8/11/10,134.96
8/10/10,139.79
8/9/10,141.46
8/6/10,140.1
8/5/10,140.52
8/4/10,141.25
8/3/10,139.66
8/2/10,140.64
7/30/10,137.95
7/29/10,137.7
7/28/10,138.38
7/27/10,140.21
7/26/10,141.12
7/23/10,138.51
7/22/10,136.57
7/21/10,132.7
7/20/10,134.72
7/19/10,132.77
7/16/10,131.94
7/15/10,136.4
7/14/10,136.55
7/13/10,136.8
7/12/10,133.59
7/9/10,134.32
7/8/10,132.87
7/7/10,131.52
7/6/10,126.95
7/2/10,127.42
7/1/10,128.37
6/30/10,129.16
6/29/10,130.19
6/28/10,134.85
6/25/10,135.25
6/24/10,133.73
6/23/10,136.08
6/22/10,136.47
6/21/10,139.37
6/18/10,139.86
6/17/10,140.95
6/16/10,141.28
6/15/10,141.62
6/14/10,138.58
6/11/10,137.76
6/10/10,136.5
6/9/10,132.21
6/8/10,131.79
6/7/10,131.23
6/4/10,133.88
6/3/10,139.58
6/2/10,138.55
6/1/10,135.1
5/28/10,138.61
5/27/10,140.24
5/26/10,135.08
5/25/10,134.76
5/24/10,134.97
5/21/10,136.3
5/20/10,134.24
5/19/10,140.17
5/18/10,141.65
5/17/10,143.61
5/14/10,143.45
5/13/10,146.89
5/12/10,148.25
5/11/10,144.95
5/10/10,144.5
5/7/10,137.4
5/6/10,141
5/5/10,145.85
5/4/10,147.37
5/3/10,151.68
4/30/10,149.13
4/29/10,152.45
4/28/10,150.19
4/27/10,149.76
4/26/10,153.62
4/23/10,154.03
4/22/10,152.62
4/21/10,150.82
4/20/10,150.35
4/19/10,148.4
4/16/10,148.86
4/15/10,150.72
4/14/10,150.75
4/13/10,148.57
4/12/10,148.04
4/9/10,147.85
4/8/10,146.36
4/7/10,146.63
4/6/10,147.66
4/5/10,146.94
4/1/10,144.69
3/31/10,143.16
3/30/10,144.15
3/29/10,143.91
3/26/10,142.65
3/25/10,142.93
3/24/10,143.89
3/23/10,145.22
3/22/10,143.93
3/19/10,142.18
3/18/10,144.12
3/17/10,144.8
3/16/10,143.78
3/15/10,142.13
3/12/10,142.48
3/11/10,142.07
3/10/10,141.44
3/9/10,140.3
3/8/10,140.26
3/5/10,139.99
3/4/10,138.03
3/3/10,137.99
3/2/10,137.35
3/1/10,136.42
2/26/10,133.95
2/25/10,134.14
2/24/10,133.83
2/23/10,132.63
2/22/10,134.45
2/19/10,134.26
2/18/10,134.02
2/17/10,133.04
2/16/10,132.1
2/12/10,129.89
2/11/10,129.08
2/10/10,127.32
2/9/10,127.35
2/8/10,125.76
2/5/10,126.68
2/4/10,126.33
2/3/10,130.61
2/2/10,131.22
2/1/10,129.4
1/29/10,127.5
1/28/10,129.37
1/27/10,131.01
1/26/10,130.82
1/25/10,131.32
1/22/10,130.92
1/21/10,133.73
1/20/10,135.49
1/19/10,136.56
1/15/10,134.84
1/14/10,136.67
1/13/10,136.41
1/12/10,134.69
1/11/10,136.24
1/8/10,136.51
1/7/10,135.66
1/6/10,135.02
1/5/10,134.29
1/4/10,133.95
12/31/09,131.74
12/30/09,133.41
12/29/09,133.91
12/28/09,134.13
12/24/09,134.2
12/23/09,133.53
12/22/09,132.56
12/21/09,131.26
12/18/09,129.81
12/17/09,129.88
12/16/09,130.9
12/15/09,130.19
12/14/09,130.29
12/11/09,128.58
12/10/09,127.47
12/9/09,126.65
12/8/09,126.55
12/7/09,127.59
12/4/09,127.68
12/3/09,125.9
12/2/09,127.29
12/1/09,126.49
11/30/09,124.64
11/27/09,124.29
11/25/09,126.89
11/24/09,126.03
11/23/09,126.3
11/20/09,125.09
11/19/09,125.85
11/18/09,128.42
11/17/09,128.97
11/16/09,128.99
11/13/09,127.04
11/12/09,125.75
11/11/09,127.58
11/10/09,126.68
11/9/09,126.83
11/6/09,123.75
11/5/09,124.02
11/4/09,121.04
11/3/09,121.71
11/2/09,120.25
10/30/09,119.62
10/29/09,123.14
10/28/09,120.66
10/27/09,124.63
10/26/09,126.12
10/23/09,127.38
10/22/09,129.01
10/21/09,127.47
10/20/09,128.75
10/19/09,129.89
10/16/09,128.49
10/15/09,129.77
10/14/09,129.36
10/13/09,127.04
10/12/09,127.66
10/9/09,127.46
10/8/09,126.37
10/7/09,124.67
10/6/09,124.69
10/5/09,123
10/2/09,120.37
10/1/09,121.68
9/30/09,125.27
9/29/09,126.08
9/28/09,125.66
9/25/09,123.24
9/24/09,123.97
9/23/09,126.15
9/22/09,127.67
9/21/09,127.01
9/18/09,127.31
9/17/09,127.92
9/16/09,128.52
9/15/09,126.15
9/14/09,125.07
9/11/09,123.61
9/10/09,123.34
9/9/09,122.06
9/8/09,120.57
9/4/09,118.97
9/3/09,117.4
9/2/09,115.87
9/1/09,116.45
8/31/09,118.93
8/28/09,120.57
8/27/09,120.44
8/26/09,120.05
8/25/09,120.14
8/24/09,119.63
8/21/09,119.95
8/20/09,117.7
8/19/09,116.43
8/18/09,115.63
8/17/09,114.11
8/14/09,117.51
8/13/09,119.32
8/12/09,118.27
8/11/09,116.72
8/10/09,118.41
8/7/09,118.9
8/6/09,116.07
8/5/09,117.02
8/4/09,117.5
8/3/09,116.48
7/31/09,113.96
7/30/09,113.95
7/29/09,112.48
7/28/09,113.29
7/27/09,113.49
7/24/09,113.01
7/23/09,112.16
7/22/09,109.24
7/21/09,108.7
7/20/09,108.49
7/17/09,106.9
7/16/09,107.27
7/15/09,105.74
7/14/09,102.6
7/13/09,101.85
7/10/09,99.39
7/9/09,99.52
7/8/09,99.39
7/7/09,99.68
7/6/09,102.15
7/2/09,103.06
7/1/09,106.07
6/30/09,105.2
6/29/09,105.59
6/26/09,104.61
6/25/09,104.61
6/24/09,102
6/23/09,100.65
6/22/09,101.09
6/19/09,104.67
6/18/09,104.94
6/17/09,104.2
6/16/09,104.27
6/15/09,106.11
6/12/09,108.73
6/11/09,108.81
6/10/09,108.53
6/9/09,108.78
6/8/09,107.83
6/5/09,108.57
6/4/09,108.81
6/3/09,107.33
6/2/09,109.15
6/1/09,108.59
5/29/09,104.67
5/28/09,102.98
5/27/09,102.51
5/26/09,104.11
5/22/09,100.2
5/21/09,101.07
5/20/09,102.57
5/19/09,103.4
5/18/09,102.96
5/15/09,99.42
5/14/09,100.19
5/13/09,98.84
5/12/09,103.19
5/11/09,104.35
5/8/09,106.41
5/7/09,103.23
5/6/09,105.83
5/5/09,105.03
5/4/09,105.74
5/1/09,101.56
4/30/09,101.68
4/29/09,101.88
4/28/09,99.23
4/27/09,98.92
4/24/09,99.76
4/23/09,97.41
4/22/09,97.6
4/21/09,97.34
4/20/09,94.88
4/17/09,99.81
4/16/09,98.61
4/15/09,96.04
4/14/09,94.93
4/13/09,97.3
4/9/09,97.38
4/8/09,92.51
4/7/09,91.09
4/6/09,94.15
4/3/09,95.28
4/2/09,93.61
4/1/09,89.8
3/31/09,88.59
3/30/09,87.66
3/27/09,90.64
3/26/09,92.91
3/25/09,89.36
3/24/09,88.76
3/23/09,90.6
3/20/09,84.25
3/19/09,87.12
3/18/09,87.82
3/17/09,85.03
3/16/09,82.02
3/13/09,83.14
3/12/09,82.67
3/11/09,79.12
3/10/09,78.74
3/9/09,73.63
3/6/09,74.43
3/5/09,74.94
3/4/09,78.59
3/3/09,76.41
3/2/09,77.01
2/27/09,82.12
2/26/09,82.75
2/25/09,83.97
2/24/09,84.95
2/23/09,81.51
2/20/09,84.91
2/19/09,85.64
2/18/09,87
2/17/09,87.89
2/13/09,91.92
2/12/09,92.88
2/11/09,92.12
2/10/09,92.19
2/9/09,96.19
2/6/09,96.54
2/5/09,92.84
2/4/09,91.64
2/3/09,91.67
2/2/09,90.79
1/30/09,90.69
1/29/09,93.28
1/28/09,96.49
1/27/09,92.9
1/26/09,91.57
1/23/09,91.01
1/22/09,90
1/21/09,92.3
1/20/09,88.22
1/16/09,93.85
1/15/09,92.29
1/14/09,91.03
1/13/09,94.66
1/12/09,93.66
1/9/09,96.25
1/8/09,98.92
1/7/09,98.43
1/6/09,101.54
1/5/09,100.2
1/2/09,99.79
12/31/08,97.16
12/30/08,95.33
12/29/08,92.36
12/26/08,93.4
12/24/08,92.27
12/23/08,91.64
12/22/08,93.09
12/19/08,94.81
12/18/08,95.52
12/17/08,96.6
12/16/08,95.96
12/15/08,90.27
12/12/08,92.69
12/11/08,90.05
12/10/08,94.48
12/9/08,92.08
12/8/08,94.88
12/5/08,90.54
12/4/08,86.96
12/3/08,89.4
12/2/08,87.7
12/1/08,83.99
11/28/08,93.59
11/26/08,92.5
11/25/08,86.93
11/24/08,86
11/21/08,79.5
11/20/08,76.2
11/19/08,82.75
11/18/08,91
11/17/08,89.3
11/14/08,89.31
11/13/08,96.64
11/12/08,88.45
11/11/08,92.58
11/10/08,96.1
11/7/08,99.7
11/6/08,95.65
11/5/08,100.9
11/4/08,105.6
11/3/08,103.79
10/31/08,103.4
10/30/08,101.88
10/29/08,95.4
10/28/08,95.2
10/27/08,86.08
10/24/08,89.3
10/23/08,93.38
10/22/08,98.13
10/21/08,102.65
10/20/08,105.25
10/17/08,100.13
10/16/08,101.67
10/15/08,96.03
10/14/08,108.7
10/13/08,112
10/10/08,100
10/9/08,98.35
10/8/08,107.5
10/7/08,108.4
10/6/08,114.5
10/3/08,119.94
10/2/08,124
10/1/08,131.85
9/30/08,131.8
9/29/08,127
9/26/08,136.7
9/25/08,137.79
9/24/08,136.7
9/23/08,137.55
9/22/08,140.55
9/19/08,145
9/18/08,140.7
9/17/08,134.63
9/16/08,141.13
9/15/08,137.75
9/12/08,144.77
9/11/08,142.4
9/10/08,141.45
9/9/08,139.55
9/8/08,144.87
9/5/08,142.4
9/4/08,142.4
9/3/08,145.98
9/2/08,146.83
8/29/08,148.2
8/28/08,149.73
8/27/08,147.7
8/26/08,146.28
8/25/08,145.43
8/22/08,148.1
8/21/08,146.53
8/20/08,146.9
8/19/08,146.32
8/18/08,147.85
8/15/08,149.9
8/14/08,149.54
8/13/08,148.4
8/12/08,148.25
8/11/08,149.45
8/8/08,147.75
8/7/08,145.04
8/6/08,147.14
8/5/08,145.91
8/4/08,142.9
8/1/08,145.63
7/31/08,146.09
7/30/08,148.27
7/29/08,145.96
7/28/08,143
7/25/08,144.31
7/24/08,144.3
7/23/08,148.55
7/22/08,147.99
7/21/08,146.5
7/18/08,144.9
7/17/08,144.95
7/16/08,143.45
7/15/08,140.15
7/14/08,141.45
7/11/08,142.61
7/10/08,143.96
7/9/08,143.15
7/8/08,145
7/7/08,141.67
7/3/08,142.9
7/2/08,144.3
7/1/08,148.75
6/30/08,148.8
6/27/08,149.13
6/26/08,150
6/25/08,153.81
6/24/08,153
6/23/08,154.61
6/20/08,155.15
6/19/08,158.1
6/18/08,157.53
6/17/08,158.9
6/16/08,158.38
6/13/08,157.6
6/12/08,155.45
6/11/08,155.07
6/10/08,157.5
6/9/08,158.75
6/6/08,158.66
6/5/08,163.33
6/4/08,159.55
6/3/08,159.4
6/2/08,159.02
5/30/08,160.62
5/29/08,159.08
5/28/08,158.99
5/27/08,157.05
5/23/08,155.77
5/22/08,157.9
5/21/08,157.87
5/20/08,160.45
5/19/08,160.7
5/16/08,160.61
5/15/08,160.36
5/14/08,158.26
5/13/08,158.15
5/12/08,156.83
5/9/08,155.02
5/8/08,154.37
5/7/08,154.4
5/6/08,155.89
5/5/08,154.3
5/2/08,154.75
5/1/08,154.48
4/30/08,152.34
4/29/08,152.71
4/28/08,153.58
4/25/08,153.39
4/24/08,150.3
4/23/08,149.68
4/22/08,150
4/21/08,151.59
4/18/08,150.7
4/17/08,149.59
4/16/08,150.22
4/15/08,145.66
4/14/08,145.15
4/11/08,145.3
4/10/08,147.91
4/9/08,146.39
4/8/08,148.8
4/7/08,148.1
4/4/08,147.92
4/3/08,147.65
4/2/08,146.82
4/1/08,146.16
3/31/08,141.16
3/28/08,140.74
3/27/08,141.37
3/26/08,142.3
3/25/08,144.03
3/24/08,143.18
3/20/08,138.97
3/19/08,137.1
3/18/08,141.24
3/17/08,135.58
3/14/08,139
3/13/08,141.06
3/12/08,139.6
3/11/08,140.45
3/10/08,136.14
3/7/08,138.4
3/6/08,139.85
3/5/08,143.8
3/4/08,142.7
3/3/08,143.55
2/29/08,144.25
2/28/08,147.63
2/27/08,149.33
2/26/08,149.89
2/25/08,148.93
2/22/08,145.45
2/21/08,145.15
2/20/08,146.83
2/19/08,145.53
2/15/08,144.56
2/14/08,144.7
2/13/08,147.02
2/12/08,145.63
2/11/08,145
2/8/08,144.14
2/7/08,144.64
2/6/08,143.07
2/5/08,144.75
2/4/08,148.05
2/1/08,149.67
1/31/08,145.79
1/30/08,142.22
1/29/08,144.41
1/28/08,143.49
1/25/08,139.97
1/24/08,141.06
1/23/08,139.96
1/22/08,136.38
1/18/08,136.7
1/17/08,137.87
1/16/08,141.98
1/15/08,142.6
1/14/08,145.91
1/11/08,144.53
1/10/08,146.2
1/9/08,145.1
1/8/08,144.29
1/7/08,147.74
1/4/08,148.65
1/3/08,152.92
1/2/08,154.05
12/31/07,155.1
12/28/07,156.51
12/27/07,156.82
12/26/07,159.32
12/24/07,159.42
12/21/07,157.89
12/20/07,156.62
12/19/07,154.3
12/18/07,153.8
12/17/07,153.23
12/14/07,155.36
12/13/07,158.05
12/12/07,158.52
12/11/07,157.64
12/10/07,162.6
12/7/07,161.2
12/6/07,160.64
12/5/07,157.84
12/4/07,155.45
12/3/07,156.05
11/30/07,156.86
11/29/07,155.02
11/28/07,155.24
11/27/07,150.71
11/26/07,149.15
11/23/07,151.74
11/21/07,149.56
11/20/07,152.5
11/19/07,152.12
11/16/07,154.48
11/15/07,155.08
11/14/07,157.61
11/13/07,157.52
11/12/07,153.61
11/9/07,156.33
11/8/07,158.51
11/7/07,158.71
11/6/07,161.83
11/5/07,159.42
11/2/07,161.25
11/1/07,161.18
10/31/07,164.99
10/30/07,162.13
10/29/07,163.4
10/26/07,162.96
10/25/07,161.6
10/24/07,161.65
10/23/07,161.53
10/22/07,160.51
10/19/07,158.93
10/18/07,163.82
10/17/07,163.49
10/16/07,163.02
10/15/07,165.15
10/12/07,165.9
10/11/07,165.59
10/10/07,166.41
10/9/07,166.75
10/8/07,165.07
10/5/07,166.18
10/4/07,163.29
10/3/07,163.84
10/2/07,163.28
10/1/07,162.82
9/28/07,160.85
9/27/07,161.44
9/26/07,159.94
9/25/07,159.02
9/24/07,159.4
9/21/07,159.9
9/20/07,160.25
9/19/07,161.22
9/18/07,160.4
9/17/07,156.11
9/14/07,157.1
9/13/07,156.38
9/12/07,157
9/11/07,156.2
9/10/07,154.34
9/7/07,155.85
9/6/07,158.31
9/5/07,157.83
9/4/07,158.6
8/31/07,157.05
8/30/07,154.75
8/29/07,155.51
8/28/07,152.35
8/27/07,155.22
8/24/07,157.52
8/23/07,154.95
8/22/07,155.51
8/21/07,153.62
8/20/07,153
8/17/07,152.71
8/16/07,149.65
8/15/07,149.91
8/14/07,152.65
8/13/07,155.15
8/10/07,154.45
8/9/07,153.77
8/8/07,158.38
8/7/07,156
8/6/07,154.24
8/3/07,153.3
8/2/07,157.57
8/1/07,156.15
7/31/07,155.3
7/30/07,157.1
7/27/07,155.25
7/26/07,157.94
7/25/07,161.45
7/24/07,162.35
7/23/07,165.45
7/20/07,166.2
7/19/07,167.65
7/18/07,167.24
7/17/07,167.64
7/16/07,167.29
7/13/07,168.09
7/12/07,167.51
7/11/07,165.57
7/10/07,164.14
7/9/07,166.5
7/6/07,166.4
7/5/07,165.46
7/3/07,165.61
7/2/07,164.97
6/29/07,162.95
6/28/07,163.11
6/27/07,162.9
6/26/07,160.49
6/25/07,161.81
6/22/07,163.53
6/21/07,164.75
6/20/07,163.1
6/19/07,165.06
6/18/07,165.1
6/15/07,165.76
6/14/07,165.16
6/13/07,163.83
6/12/07,161.87
6/11/07,163.86
6/8/07,163.65
6/7/07,161.55
6/6/07,165.25
6/5/07,167.81
6/4/07,168.33
6/1/07,167.65
5/31/07,167
5/30/07,165.92
5/29/07,164.25
5/25/07,163.3
5/24/07,162.12
5/23/07,164.9
5/22/07,164.91
5/21/07,164.72
5/18/07,163.51
5/17/07,162.22
5/16/07,162.15
5/15/07,161.57
5/14/07,162.17
5/11/07,162.52
5/10/07,161.64
5/9/07,163.27
5/8/07,162.03
5/7/07,162.17
5/4/07,162.48
5/3/07,161.38
5/2/07,161.11
5/1/07,159.27
4/30/07,158.85
4/27/07,161.17
4/26/07,162.1
4/25/07,161.19
4/24/07,160.41
4/23/07,160.32
4/20/07,160.29
4/19/07,158.66
4/18/07,159
4/17/07,159.44
4/16/07,159.45
4/13/07,157.95
4/12/07,157.5
4/11/07,156.41
4/10/07,157.35
4/9/07,156.95
4/5/07,156.25
4/4/07,156.3
4/3/07,156.12
4/2/07,154.85
3/30/07,154.57
3/29/07,153.82
3/28/07,154.3
3/27/07,154.99
3/26/07,155.08
3/23/07,155.6
3/22/07,155.18
3/21/07,154.67
3/20/07,152.49
3/19/07,151.4
3/16/07,149.73
3/15/07,151.09
3/14/07,150.43
3/13/07,149.79
3/12/07,152.51
3/9/07,152.05
3/8/07,151.77
3/7/07,150.29
3/6/07,149.45
3/5/07,146.81
3/2/07,149.86
3/1/07,152.56
2/28/07,153.19
2/27/07,152.14
2/26/07,157.9
2/23/07,158.02
2/22/07,158.62
2/21/07,157.88
2/20/07,157.45
2/16/07,156.41
2/15/07,156.11
2/14/07,156.08
2/13/07,154.98
2/12/07,153.59
2/9/07,154.41
2/8/07,155.08
2/7/07,155.2
2/6/07,154.36
2/5/07,153.83
2/2/07,153.3
2/1/07,153.16
1/31/07,151.52
1/30/07,150.73
1/29/07,150.14
1/26/07,149.25
1/25/07,149.09
1/24/07,150.45
1/23/07,148.88
1/22/07,148.08
1/19/07,148.5
1/18/07,147.77
1/17/07,149.13
1/16/07,148.76
1/12/07,149.86
1/11/07,148.28
1/10/07,147.46
1/9/07,146.45
1/8/07,145.62
1/5/07,145.33
1/4/07,147.26
1/3/07,147.09
12/29/06,146.35
12/28/06,147.43
12/27/06,148.05
12/26/06,146.79
12/22/06,145.56
12/21/06,146.82
12/20/06,147.4
12/19/06,147.02
12/18/06,147.37
12/15/06,148.42
12/14/06,149.43
12/13/06,148.55
12/12/06,148.4
12/11/06,148.99
12/8/06,148.92
12/7/06,149.22
12/6/06,149.63
12/5/06,150.09
12/4/06,149.52
12/1/06,147.8
11/30/06,147.72
11/29/06,147.62
11/28/06,145.45
11/27/06,144.95
11/24/06,147.84
11/22/06,148.23
11/21/06,147.82
11/20/06,147.44
11/17/06,147.4
11/16/06,147.65
11/15/06,147.25
11/14/06,146.7
11/13/06,145.05
11/10/06,145
11/9/06,143.93
11/8/06,144.4
11/7/06,143.81
11/6/06,143.25
11/3/06,142.05
11/2/06,141.42
11/1/06,141.19
10/31/06,143.25
10/30/06,143.8
10/27/06,143.8
10/26/06,145.11
10/25/06,144.55
10/24/06,143.85
10/23/06,142.9
10/20/06,142.21
10/19/06,143.7
10/18/06,142.94
10/17/06,142.82
10/16/06,144.07
10/13/06,143.25
10/12/06,142.53
10/11/06,140.5
10/10/06,140.62
10/9/06,140.19
10/6/06,139.33
10/5/06,140.2
10/4/06,138.56
10/3/06,136.5
10/2/06,136.62
9/29/06,137.64
9/28/06,138.55
9/27/06,138.67
9/26/06,137.76
9/25/06,136.4
9/22/06,135.16
9/21/06,136.43
9/20/06,138.1
9/19/06,136.54
9/18/06,137.1
9/15/06,136.98
9/14/06,137.62
9/13/06,138.26
9/12/06,137.18
9/11/06,135.04
9/8/06,135.09
9/7/06,135.04
9/6/06,136.08
9/5/06,138.16
9/1/06,137.62
8/31/06,136.98
8/30/06,136.5
8/29/06,136.12
8/28/06,135.47
8/25/06,134.25
8/24/06,134.21
8/23/06,135.05
8/22/06,136.06
8/21/06,136.04
8/18/06,137.25
8/17/06,136.56
8/16/06,136.89
8/15/06,134.77
8/14/06,132.62
8/11/06,132.55
8/10/06,133.74
8/9/06,132.65
8/8/06,133.68
8/7/06,135.05
8/4/06,135.7
8/3/06,136.52
8/2/06,135.54
8/1/06,134.47
7/31/06,135.35
7/28/06,135.27
7/27/06,133.2
7/26/06,134.25
7/25/06,134.15
7/24/06,133.1
7/21/06,130.04
7/20/06,131.85
7/19/06,134.8
7/18/06,132
7/17/06,132.04
7/14/06,132.5
7/13/06,133.5
7/12/06,136.16
7/11/06,137.79
7/10/06,137.23
7/7/06,137.75
7/6/06,138.83
7/5/06,138.26
7/3/06,140.55
6/30/06,139.17
6/29/06,138.91
6/28/06,135.1
6/27/06,134.51
6/26/06,136
6/23/06,135.2
6/22/06,134.13
6/21/06,134.6
6/20/06,132.57
6/19/06,132.35
6/16/06,134.78
6/15/06,135.75
6/14/06,131.77
6/13/06,130.87
6/12/06,132.81
6/9/06,135.92
6/8/06,136.36
6/7/06,137.02
6/6/06,138.52
6/5/06,139.61
6/2/06,142.55
6/1/06,142.28
5/31/06,140.35
5/30/06,137.68
5/26/06,140.19
5/25/06,139.1
5/24/06,137.33
5/23/06,137.02
5/22/06,138.33
5/19/06,139.52
5/18/06,139.14
5/17/06,140.05
5/16/06,143.11
5/15/06,143.28
5/12/06,144.23
5/11/06,147.5
5/10/06,148.92
5/9/06,149.07
5/8/06,149.1
5/5/06,149.06
5/4/06,147.63
5/3/06,146.65
5/2/06,147.04
5/1/06,145.84
4/28/06,146.71
4/27/06,145.69
4/26/06,146.08
4/25/06,147.03
4/24/06,146.74
4/21/06,147.37
4/20/06,147.79
4/19/06,147.64
4/18/06,146.4
4/17/06,143.36
4/13/06,142.94
4/12/06,143.24
4/11/06,142.77
4/10/06,144.25
4/7/06,144.62
4/6/06,146.29
4/5/06,146.11
4/4/06,144.83
4/3/06,144.16
3/31/06,144.76
3/30/06,144.55
3/29/06,144.38
3/28/06,142.9
3/27/06,143.36
3/24/06,143.54
3/23/06,142.72
3/22/06,142.54
3/21/06,141.38
3/20/06,142.54
3/17/06,143.03
3/16/06,142.83
3/15/06,143.38
3/14/06,142.3
3/13/06,140.97
3/10/06,140.12
3/9/06,138.82
3/8/06,139.93
3/7/06,139.43
3/6/06,141.15
3/3/06,142.24
3/2/06,143.31
3/1/06,143.67
2/28/06,141.47
2/27/06,142.87
2/24/06,143.07
2/23/06,142.27
2/22/06,142.32
2/21/06,141.5
2/17/06,141.4
2/16/06,141.85
2/15/06,140.64
2/14/06,140.05
2/13/06,138.97
2/10/06,139.81
2/9/06,139.8
2/8/06,140.4
2/7/06,139.9
2/6/06,142.05
2/3/06,141.09
2/2/06,141.4
2/1/06,142.97
1/31/06,141.87
1/30/06,141.75
1/27/06,141.64
1/26/06,141.23
1/25/06,139.48
1/24/06,140.29
1/23/06,139.07
1/20/06,138.47
1/19/06,140.79
1/18/06,139.33
1/17/06,139.72
1/13/06,139.8
1/12/06,140.3
1/11/06,141
1/10/06,140.89
1/9/06,140.08
1/6/06,139.45
1/5/06,137.88
1/4/06,137.68
1/3/06,136.71
12/30/05,134.69
12/29/05,135.11
12/28/05,135.87
12/27/05,135
12/23/05,136.74
12/22/05,136.3
12/21/05,135.48
12/20/05,134.4
12/19/05,134.21
12/16/05,135.1
12/15/05,136.29
12/14/05,137.41
12/13/05,136.95
12/12/05,136.42
12/9/05,136.3
12/8/05,135.75
12/7/05,135.27
12/6/05,135.78
12/5/05,135.74
12/2/05,136.29
12/1/05,136.02
11/30/05,134.2
11/29/05,134.33
11/28/05,133.91
11/25/05,135.7
11/23/05,135.67
11/22/05,135.29
11/21/05,134.5
11/18/05,133.15
11/17/05,132.69
11/16/05,131.35
11/15/05,131.04
11/14/05,131.9
11/11/05,131.72
11/10/05,130.98
11/9/05,130.46
11/8/05,130.25
11/7/05,130.55
11/4/05,130.48
11/3/05,130.64
11/2/05,130.03
11/1/05,128.2
10/31/05,127
10/28/05,125.83
10/27/05,124.17
10/26/05,126.19
10/25/05,126.68
10/24/05,127.09
10/21/05,124.82
10/20/05,123.43
10/19/05,125.3
10/18/05,123.61
10/17/05,125.23
10/14/05,124.51
10/13/05,122.4
10/12/05,123.25
10/11/05,124.84
10/10/05,125.58
10/7/05,126.5
10/6/05,125.83
10/5/05,127.13
10/4/05,129.7
10/3/05,131.69
9/30/05,130.92
9/29/05,129.97
9/28/05,128.6
9/27/05,128.44
9/26/05,128.75
9/23/05,127.85
9/22/05,127.54
9/21/05,126.89
9/20/05,128.58
9/19/05,130.05
9/16/05,130.35
9/15/05,130.4
9/14/05,130.38
9/13/05,130.94
9/12/05,131.8
9/9/05,131.79
9/8/05,130.75
9/7/05,131.36
9/6/05,130.96
9/2/05,129.42
9/1/05,130.05
8/31/05,130.41
8/30/05,127.85
8/29/05,128.89
8/26/05,127.59
8/25/05,129.05
8/24/05,128.51
8/23/05,128.92
8/22/05,129.14
8/19/05,128.84
8/18/05,128.23
8/17/05,128.48
8/16/05,128.75
8/15/05,130.54
8/12/05,129.85
8/11/05,130.45
8/10/05,129.9
8/9/05,129.68
8/8/05,128.9
8/5/05,129.46
8/4/05,130.78
8/3/05,132.07
8/2/05,132.27
8/1/05,131.69
7/29/05,131.68
7/28/05,132
7/27/05,131.05
7/26/05,130.55
7/25/05,130.4
7/22/05,130.7
7/21/05,129.75
7/20/05,130.71
7/19/05,130.15
7/18/05,129.02
7/15/05,129.15
7/14/05,128.78
7/13/05,129.22
7/12/05,129.65
7/11/05,129.5
7/8/05,128.38
7/7/05,126.85
7/6/05,126.4
7/5/05,127.4
7/1/05,126.2
6/30/05,125.25
6/29/05,125.55
6/28/05,125.49
6/27/05,123.87
6/24/05,123.21
6/23/05,124.8
6/22/05,126.05
6/21/05,126.14
6/20/05,126.15
6/17/05,126.1
6/16/05,126.77
6/15/05,126.03
6/14/05,125.6
6/13/05,125.09
6/10/05,124.65
6/9/05,124.3
6/8/05,123.6
6/7/05,124.25
6/6/05,124.07
6/3/05,123.7
6/2/05,124.29
6/1/05,123.72
5/31/05,122.55
5/27/05,122.82
5/26/05,122.27
5/25/05,121.4
5/24/05,121.94
5/23/05,122.65
5/20/05,121.47
5/19/05,121.41
5/18/05,121.15
5/17/05,119.17
5/16/05,118.14
5/13/05,116.68
5/12/05,117.26
5/11/05,118.85
5/10/05,118.45
5/9/05,119.1
5/6/05,118.51
5/5/05,118.27
5/4/05,117.6
5/3/05,116.65
5/2/05,116.79
4/29/05,115.93
4/28/05,114.79
4/27/05,116.55
4/26/05,116.59
4/25/05,117.77
4/22/05,116.5
4/21/05,117.05
4/20/05,115.3
4/19/05,117.07
4/18/05,115.3
4/15/05,114.95
4/14/05,116.22
4/13/05,118.45
4/12/05,119.94
4/11/05,119.48
4/8/05,119.85
4/7/05,121.25
4/6/05,120.72
4/5/05,120.54
4/4/05,120.25
4/1/05,120.2
3/31/05,120.4
3/30/05,120.15
3/29/05,118.86
3/28/05,120.08
3/24/05,119.99
3/23/05,119.31
3/22/05,120.5
3/21/05,121.15
3/18/05,120.61
3/17/05,121.8
3/16/05,122.1
3/15/05,122.9
3/14/05,123.61
3/11/05,122.59
3/10/05,122.75
3/9/05,122.7
3/8/05,124.2
3/7/05,125
3/4/05,124.47
3/3/05,123.05
3/2/05,122.95
3/1/05,123.05
2/28/05,122.4
2/25/05,122.7
2/24/05,121.2
2/23/05,119.87
2/22/05,119.06
2/18/05,121.04
2/17/05,121.22
2/16/05,121.91
2/15/05,121.7
2/14/05,121.37
2/11/05,121.37
2/10/05,119.97
2/9/05,119.65
2/8/05,121.24
2/7/05,121
2/4/05,120.95
2/3/05,119.45
2/2/05,119.71
2/1/05,119.16
1/31/05,118.1
1/28/05,116.76
1/27/05,117.03
1/26/05,116.6
1/25/05,115.75
1/24/05,115.4
1/21/05,115.94
1/20/05,116.6
1/19/05,117.01
1/18/05,118.15
1/14/05,117.15
1/13/05,116.27
1/12/05,116.39
1/11/05,115.99
1/10/05,116.91
1/7/05,116.02
1/6/05,116.5
1/5/05,116
1/4/05,117.55
1/3/05,119.74
12/31/04,121
12/30/04,121.11
12/29/04,121.32
12/28/04,121.15
12/27/04,119.8
12/23/04,120.46
12/22/04,120.19
12/21/04,120
12/20/04,118.88
12/17/04,118.97
12/16/04,119.3
12/15/04,120.22
12/14/04,119.4
12/13/04,118.46
12/10/04,117.54
12/9/04,117.15
12/8/04,117.02
12/7/04,116.26
12/6/04,117.66
12/3/04,117.88
12/2/04,117.8
12/1/04,118.15
11/30/04,116.92
11/29/04,116.8
11/26/04,117
11/24/04,117.2
11/23/04,116.58
11/22/04,115.74
11/19/04,114.92
11/18/04,116.4
11/17/04,116.38
11/16/04,115.73
11/15/04,116.24
11/12/04,116.24
11/11/04,114.67
11/10/04,113.78
11/9/04,113.3
11/8/04,113.34
11/5/04,113.51
11/4/04,113.23
11/3/04,111.85
11/2/04,110.12
11/1/04,110.33
10/29/04,110.2
10/28/04,109.9
10/27/04,110.38
10/26/04,109.01
10/25/04,107.95
10/22/04,107.49
10/21/04,108.33
10/20/04,107.2
10/19/04,106.91
10/18/04,107.6
10/15/04,107.29
10/14/04,106.8
10/13/04,107.51
10/12/04,108.44
10/11/04,108.88
10/8/04,108.62
10/7/04,109.48
10/6/04,110.97
10/5/04,110.32
10/4/04,110.52
10/1/04,110.29
9/30/04,108.35
9/29/04,107.85
9/28/04,107.37
9/27/04,106.8
9/24/04,107.58
9/23/04,107.28
9/22/04,107
9/21/04,108.62
9/20/04,107.75
9/17/04,108.17
9/16/04,108.7
9/15/04,107.84
9/14/04,108.49
9/13/04,108.65
9/10/04,108.1
9/9/04,107.55
9/8/04,107.25
9/7/04,107.8
9/3/04,107.06
9/2/04,107.63
9/1/04,106.52
8/31/04,105.98
8/30/04,105.1
8/27/04,106.02
8/26/04,105.44
8/25/04,105.69
8/24/04,104.88
8/23/04,104.6
8/20/04,105.1
8/19/04,103.73
8/18/04,104.18
8/17/04,102.94
8/16/04,102.33
8/13/04,100.76
8/12/04,100.77
8/11/04,102.18
8/10/04,102.88
8/9/04,101.17
8/6/04,101.25
8/5/04,102.7
8/4/04,104.44
8/3/04,104.9
8/2/04,106.25
7/30/04,106
7/29/04,106.07
7/28/04,104.7
7/27/04,104.8
7/26/04,103.71
7/23/04,104.77
7/22/04,105.99
7/21/04,105.94
7/20/04,108.5
7/19/04,106.9
7/16/04,106.8
7/15/04,107.2
7/14/04,107.02
7/13/04,107.22
7/12/04,107.31
7/9/04,107.85
7/8/04,107
7/7/04,108.59
7/6/04,108.24
7/2/04,109.63
7/1/04,109.5
6/30/04,111.1
6/29/04,110.26
6/28/04,109.96
6/25/04,110.61
6/24/04,110.01
6/23/04,110.44
6/22/04,109.3
6/21/04,108.55
6/18/04,108.38
6/17/04,109.14
6/16/04,109.24
6/15/04,109.22
6/14/04,107.72
6/10/04,109.45
6/9/04,108.86
6/8/04,110.45
6/7/04,110.38
6/4/04,108.68
6/3/04,107.67
6/2/04,109.3
6/1/04,109.7
5/28/04,109.2
5/27/04,108.05
5/26/04,107.88
5/25/04,107.21
5/24/04,105.45
5/21/04,104.3
5/20/04,103.81
5/19/04,103.3
5/18/04,103.93
5/17/04,103.15
5/14/04,103.82
5/13/04,104.52
5/12/04,104.54
5/11/04,104.21
5/10/04,103.03
5/7/04,104.85
5/6/04,107.12
5/5/04,108.74
5/4/04,107.78
5/3/04,107.81
4/30/04,106.5
4/29/04,107.6
4/28/04,109.49
4/27/04,111.09
4/26/04,111.26
4/23/04,111.37
4/22/04,111.65
4/21/04,109.98
4/20/04,108.7
4/19/04,110.4
4/16/04,110.2
4/15/04,109.2
4/14/04,109.93
4/13/04,110.07
4/12/04,112.1
4/8/04,111.92
4/7/04,112.5
4/6/04,112.12
4/5/04,112.85
4/2/04,112.11
4/1/04,111.75
3/31/04,110.5
3/30/04,110
3/29/04,109.45
3/26/04,107.72
3/25/04,107.52
3/24/04,105.85
3/23/04,106.28
3/22/04,106.26
3/19/04,107.7
3/18/04,109.08
3/17/04,109.35
3/16/04,107.72
3/15/04,108.1
3/12/04,109.39
3/11/04,107.68
3/10/04,109.03
3/9/04,111
3/8/04,111.5
3/5/04,112.92
3/4/04,112.32
3/3/04,111.7
3/2/04,111.6
3/1/04,112.02
2/27/04,110.3
2/26/04,109.68
2/25/04,109.14
2/24/04,108.11
2/23/04,108.24
2/20/04,109.15
2/19/04,109.85
2/18/04,111.11
2/17/04,111.8
2/13/04,110.5
2/12/04,110.76
2/11/04,111
2/10/04,109.91
2/9/04,109.55
2/6/04,108.96
2/5/04,107.1
2/4/04,106.52
2/3/04,107.66
2/2/04,108.02
1/30/04,107.7
1/29/04,107.58
1/28/04,108.1
1/27/04,109.6
1/26/04,110.55
1/23/04,109.65
1/22/04,109.61
1/21/04,110
1/20/04,109.69
1/16/04,108.66
1/15/04,108.2
1/14/04,107.8
1/13/04,107.1
1/12/04,107.86
1/9/04,106.85
1/8/04,106.99
1/7/04,107.2
1/6/04,106.35
1/5/04,106.35
1/2/04,105.75
12/31/03,105.4
12/30/03,106.17
12/29/03,105.9
12/26/03,104.75
12/24/03,104.7
12/23/03,105.1
12/22/03,104.5
12/19/03,103.66
12/18/03,104.26
12/17/03,102.8
12/16/03,102.51
12/15/03,102.3
12/12/03,103.76
12/11/03,103.65
12/10/03,101.78
12/9/03,102.48
12/8/03,103.99
12/5/03,103.2
12/4/03,104.11
12/3/03,104.35
12/2/03,105.55
12/1/03,105.5
11/28/03,104.15
11/26/03,103.87
11/25/03,103.25
11/24/03,102.62
11/21/03,100.85
11/20/03,100.1
11/19/03,100.73
11/18/03,100.13
11/17/03,101.31
11/14/03,102.01
11/13/03,103.35
11/12/03,103.06
11/11/03,101.2
11/10/03,101.38
11/7/03,102.36
11/6/03,103.1
11/5/03,102.15
11/4/03,101.7
11/3/03,101.52
10/31/03,100.5
10/30/03,100.41
10/29/03,100.22
10/28/03,100.17
10/27/03,98.34
10/24/03,97.5
10/23/03,97.25
10/22/03,97.65
10/21/03,98.95
10/20/03,98.83
10/17/03,98.01
10/16/03,99.6
10/15/03,98.87
10/14/03,99.9
10/13/03,99.76
10/10/03,98.7
10/9/03,98.3
10/8/03,97.92
10/7/03,98.17
10/6/03,97.88
10/3/03,97.25
10/2/03,96.2
10/1/03,95.58
9/30/03,93.35
9/29/03,94.14
9/26/03,93
9/25/03,93.79
9/24/03,95.4
9/23/03,96.95
9/22/03,96.48
9/19/03,97.14
9/18/03,97.7
9/17/03,96.35
9/16/03,96.65
9/15/03,95.42
9/12/03,95.45
9/11/03,95.02
9/10/03,94.65
9/9/03,96.49
9/8/03,97.05
9/5/03,96.2
9/4/03,96.63
9/3/03,96.6
9/2/03,96.33
8/29/03,94.9
8/28/03,94.4
8/27/03,93.4
8/26/03,92.85
8/25/03,92.76
8/22/03,93.29
8/21/03,94.2
8/20/03,93.14
8/19/03,93.24
8/18/03,92.65
8/15/03,91.35
8/14/03,91
8/13/03,90.41
8/12/03,90.4
8/11/03,89.27
8/8/03,88.7
8/7/03,88.49
8/6/03,88.1
8/5/03,88
8/4/03,89.98
8/1/03,90.13
7/31/03,90.85
7/30/03,90.9
7/29/03,91.1
7/28/03,90.98
7/25/03,90.42
7/24/03,89.73
7/23/03,90.31
7/22/03,90.35
7/21/03,89.67
7/18/03,90.3
7/17/03,89.52
7/16/03,91.13
7/15/03,91.8
7/14/03,91.95
7/11/03,91.11
7/10/03,90.1
7/9/03,91.75
7/8/03,91.42
7/7/03,90.65
7/3/03,89.11
7/2/03,89.61
7/1/03,88.48
6/30/03,87.72
6/27/03,88.08
6/26/03,88.45
6/25/03,87.51
6/24/03,87.35
6/23/03,87.3
6/20/03,88.4
6/19/03,88.81
6/18/03,89.95
6/17/03,90.13
6/16/03,90.2
6/13/03,88.61
6/12/03,89.68
6/11/03,89.45
6/10/03,88.15
6/9/03,87.2
6/6/03,88.65
6/5/03,89.25
6/4/03,88.51
6/3/03,87.29
6/2/03,87.35
5/30/03,87.13
5/29/03,85.1
5/28/03,84.98
5/27/03,84.8
5/23/03,83.39
5/22/03,82.55
5/21/03,81.83
5/20/03,81.4
5/19/03,81.52
5/16/03,83.12
5/15/03,83.8
5/14/03,83.51
5/13/03,83.35
5/12/03,83.25
5/9/03,82.49
5/8/03,81.45
5/7/03,82.04
5/6/03,82.3
5/5/03,81.85
5/2/03,81.65
5/1/03,80.21
4/30/03,80.21
4/29/03,80.11
4/28/03,79.7
4/25/03,78.5
4/24/03,79.2
4/23/03,79.89
4/22/03,78.95
4/21/03,77.75
4/17/03,77.45
4/16/03,76.35
4/15/03,77.25
4/14/03,76.6
4/11/03,75.45
4/10/03,75.83
4/9/03,75.53
4/8/03,76
4/7/03,76.3
4/4/03,76.6
4/3/03,76.5
4/2/03,77.05
4/1/03,75.7
3/31/03,74.65
3/28/03,75.98
3/27/03,75.9
3/26/03,75.75
3/25/03,76.1
3/24/03,75
3/21/03,77.45
3/20/03,76.49
3/19/03,75.6
3/18/03,75.93
3/17/03,74.95
3/14/03,73.25
3/13/03,72.9
3/12/03,70.95
3/11/03,70.85
3/10/03,71.79
3/7/03,73.22
3/6/03,72.72
3/5/03,73.01
3/4/03,73.28
3/3/03,74.4
2/28/03,74.61
2/27/03,74.33
2/26/03,73.75
2/25/03,74.5
2/24/03,73.9
2/21/03,74.9
2/20/03,74.05
2/19/03,74.2
2/18/03,74.8
2/14/03,73.45
2/13/03,72.7
2/12/03,73
2/11/03,74.25
2/10/03,74.51
2/7/03,74.14
2/6/03,74.96
2/5/03,75.41
2/4/03,76.45
2/3/03,76.4
1/31/03,76.59
1/30/03,75.2
1/29/03,76.1
1/28/03,75.45
1/27/03,75.06
1/24/03,76.42
1/23/03,77.95
1/22/03,77.41
1/21/03,78.15
1/17/03,79.35
1/16/03,80.7
1/15/03,80.78
1/14/03,80.85
1/13/03,81.15
1/10/03,81.43
1/9/03,81.05
1/8/03,79.81
1/7/03,81.05
1/6/03,81.7
1/3/03,80.7
1/2/03,81.2
12/31/02,78.65
12/30/02,78.1
12/27/02,78.06
12/26/02,79.35
12/24/02,79.29
12/23/02,79.78
12/20/02,79.25
12/19/02,78.9
12/18/02,79.1
12/17/02,79.85
12/16/02,80.75
12/13/02,78.7
12/12/02,80.35
12/11/02,80.16
12/10/02,79.9
12/9/02,78.75
12/6/02,80.7
12/5/02,80.7
12/4/02,81.15
12/3/02,81.65
12/2/02,82.7
11/29/02,82.4
11/27/02,82.73
11/26/02,80.45
11/25/02,81.8
11/22/02,81.65
11/21/02,81.7
11/20/02,80
11/19/02,78.25
11/18/02,78.65
11/15/02,79.15
11/14/02,78.7
11/13/02,77
11/12/02,77.1
11/11/02,76.35
11/8/02,77.64
11/7/02,78.85
11/6/02,80.9
11/5/02,79.57
11/4/02,79.49
11/1/02,79.2
10/31/02,77.61
10/30/02,78.15
10/29/02,77
10/28/02,77.65
10/25/02,78.45
10/24/02,77.2
10/23/02,78.61
10/22/02,77.6
10/21/02,78.82
10/18/02,77.51
10/17/02,77.4
10/16/02,75.4
10/15/02,77.27
10/14/02,74.66
10/11/02,73.7
10/10/02,71.1
10/9/02,68.35
10/8/02,70.7
10/7/02,69.5
10/4/02,71.42
10/3/02,73.17
10/2/02,74.55
10/1/02,76.7
9/30/02,74.25
9/27/02,75.05
9/26/02,77.2
9/25/02,75.85
9/24/02,74.1
9/23/02,74.6
9/20/02,75.9
9/19/02,75.77
9/18/02,77.68
9/17/02,78.5
9/16/02,80.05
9/13/02,80.46
9/12/02,79.8
9/11/02,81.7
9/10/02,81.87
9/9/02,81.15
9/6/02,81.09
9/5/02,79.1
9/4/02,80.26
9/3/02,79.2
8/30/02,81.12
8/29/02,81.85
8/28/02,81
8/27/02,82.7
8/26/02,84.55
8/23/02,83.51
8/22/02,85.2
8/21/02,84.5
8/20/02,83
8/19/02,83.92
8/16/02,82.7
8/15/02,82.05
8/14/02,80.84
8/13/02,78.29
8/12/02,80.15
8/9/02,79.95
8/8/02,79.8
8/7/02,77.82
8/6/02,77.45
8/5/02,74.55
8/2/02,77.05
8/1/02,79.05
7/31/02,81
7/30/02,81.25
7/29/02,80.14
7/26/02,76.7
7/25/02,75.85
7/24/02,76.25
7/23/02,72.55
7/22/02,74.42
7/19/02,77.39
7/18/02,78.75
7/17/02,81.5
7/16/02,81.15
7/15/02,80.65
7/12/02,81.4
7/11/02,82.19
7/10/02,81.9
7/9/02,84.11
7/8/02,85.8
7/5/02,87.75
7/3/02,84.85
7/2/02,84.85
7/1/02,87.3
6/28/02,89.55
6/27/02,89.2
6/26/02,88
6/25/02,87.65
6/24/02,89.2
6/21/02,89.65
6/20/02,91.25
6/19/02,92.29
6/18/02,94.2
6/17/02,93.74
6/14/02,91
6/13/02,90.4
6/12/02,91.41
6/11/02,91.6
6/10/02,93.72
6/7/02,93.65
6/6/02,92.66
6/5/02,94.15
6/4/02,93.62
6/3/02,94.47
5/31/02,97
5/30/02,96.95
5/29/02,96.79
5/28/02,97.46
5/24/02,97.95
5/23/02,98.95
5/22/02,97.35
5/21/02,97.51
5/20/02,98.71
5/17/02,100
5/16/02,99.42
5/15/02,99.81
5/14/02,100.6
5/13/02,98.03
5/10/02,96.6
5/9/02,97.6
5/8/02,99.05
5/7/02,96.39
5/6/02,96.6
5/3/02,98.2
5/2/02,98.85
5/1/02,99.2
4/30/02,98.59
4/29/02,97.25
4/26/02,97.1
4/25/02,99
4/24/02,98.4
4/23/02,99.5
4/22/02,99.46
4/19/02,100.73
4/18/02,100.3
4/17/02,100.77
4/16/02,100.97
4/15/02,99.32
4/12/02,99.65
4/11/02,98.29
4/10/02,99.95
4/9/02,98.2
4/8/02,98.6
4/5/02,97.11
4/4/02,97.44
4/3/02,97.15
4/2/02,98.05
4/1/02,99.22
3/28/02,98.8
3/27/02,98.65
3/26/02,98.04
3/25/02,96.55
3/22/02,98.47
3/21/02,98.94
3/20/02,98
3/19/02,99.44
3/18/02,99.44
3/15/02,98.62
3/14/02,97.85
3/13/02,97.66
3/12/02,98.25
3/11/02,98.5
3/8/02,98.69
3/7/02,97.95
3/6/02,98.33
3/5/02,96.9
3/4/02,97.05
3/1/02,94.92
2/28/02,92.55
2/27/02,93.6
2/26/02,92.75
2/25/02,92.39
2/22/02,91.1
2/21/02,90.01
2/20/02,91.7
2/19/02,90.11
2/15/02,91.79
2/14/02,92.55
2/13/02,92.89
2/12/02,91.71
2/11/02,92.3
2/8/02,91.39
2/7/02,88.76
2/6/02,89.75
2/5/02,90.31
2/4/02,90.54
2/1/02,92.3
1/31/02,92.75
1/30/02,92.65
1/29/02,91.55
1/28/02,93.24
1/25/02,92.9
1/24/02,92.75
1/23/02,91.84
1/22/02,90.65
1/18/02,91.1
1/17/02,92
1/16/02,90.5
1/15/02,92.69
1/14/02,91.85
1/11/02,93.05
1/10/02,94.35
1/9/02,93.8
1/8/02,94.1
1/7/02,94.15
1/4/02,94.72
1/3/02,93.99
1/2/02,92.8
12/31/01,92.8
12/28/01,93.8
12/27/01,93.6
12/26/01,93.01
12/24/01,92.45
12/21/01,91.6
12/20/01,91.21
12/19/01,92.21
12/18/01,92.29
12/17/01,91.4
12/14/01,90.7
12/13/01,89.35
12/12/01,90.9
12/11/01,91.25
12/10/01,91.1
12/7/01,92.5
12/6/01,93.02
12/5/01,92.3
12/4/01,90.1
12/3/01,88.07
11/30/01,88.6
11/29/01,90.1
11/28/01,87.93
11/27/01,89.74
11/26/01,89.73
11/23/01,88.89
11/21/01,87.8
11/20/01,88.01
11/19/01,89
11/16/01,87.64
11/15/01,87.8
11/14/01,88.42
11/13/01,88.11
11/12/01,86.55
11/9/01,86.06
11/8/01,86.38
11/7/01,86.75
11/6/01,86.74
11/5/01,85.4
11/2/01,84.4
11/1/01,84.15
10/31/01,82.65
10/30/01,82.05
10/29/01,83.25
10/26/01,85.45
10/25/01,85.01
10/24/01,83.34
10/23/01,83.25
10/22/01,83.75
10/19/01,82.15
10/18/01,81.65
10/17/01,81.4
10/16/01,84.4
10/15/01,83.25
10/12/01,83.59
10/11/01,84.2
10/10/01,82.25
10/9/01,80.3
10/8/01,80.35
10/5/01,80.75
10/4/01,81.3
10/3/01,80.95
10/2/01,79.01
10/1/01,78.15
9/28/01,79.15
9/27/01,77.65
9/26/01,76.23
9/25/01,76.82
9/24/01,76.54
9/21/01,74.45
9/20/01,75.19
9/19/01,78.15
9/18/01,80.25
9/17/01,81.48
9/10/01,86
9/7/01,86.16
9/6/01,87.48
9/5/01,89.4
9/4/01,89.9
8/31/01,90.61
8/30/01,90
8/29/01,91.25
8/28/01,91.25
8/27/01,92.2
8/24/01,92.7
8/23/01,91.55
8/22/01,91.66
8/21/01,90.1
8/20/01,91.65
8/17/01,90.76
8/16/01,92.5
8/15/01,92.11
8/14/01,92.5
8/13/01,92.15
8/10/01,91.6
8/9/01,91.19
8/8/01,91
8/7/01,92.65
8/6/01,92.66
8/3/01,94.1
8/2/01,94.25
8/1/01,94.5
7/31/01,93.49
7/30/01,93.7
7/27/01,93.6
7/26/01,92.85
7/25/01,91.7
7/24/01,91.1
7/23/01,92.55
7/20/01,93.45
7/19/01,93.35
7/18/01,92.5
7/17/01,93.1
7/16/01,92.01
7/13/01,93.44
7/12/01,92.91
7/11/01,91.2
7/10/01,91.06
7/9/01,92.1
7/6/01,92.05
7/5/01,93.6
7/3/01,94.85
7/2/01,94.95
6/29/01,95.25
6/28/01,93.8
6/27/01,92.95
6/26/01,92.67
6/25/01,92.35
6/22/01,92.7
6/21/01,94.14
6/20/01,93.91
6/19/01,92.55
6/18/01,93
6/15/01,93.5
6/14/01,93.25
6/13/01,95.61
6/12/01,96.21
6/11/01,96.49
6/8/01,97.6
6/7/01,98.75
6/6/01,97.9
6/5/01,99.25
6/4/01,97.4
6/1/01,96.8
5/31/01,95.55
5/30/01,94.75
5/29/01,96.74
5/25/01,97.9
5/24/01,98.35
5/23/01,97.95
5/22/01,100.21
5/21/01,100.3
5/18/01,97.75
5/17/01,97.9
5/16/01,96.49
5/15/01,94.18
5/14/01,93.18
5/11/01,93.5
5/10/01,93.55
5/9/01,93.64
5/8/01,94.18
5/7/01,94.15
5/4/01,94.95
5/3/01,92.73
5/2/01,94.22
5/1/01,94.59
4/30/01,93.3
4/27/01,93.1
4/26/01,91.8
4/25/01,90.63
4/24/01,88.8
4/23/01,89.18
4/20/01,90.3
4/19/01,91.3
4/18/01,90.57
4/17/01,87.12
4/16/01,85.41
4/12/01,87.25
4/11/01,85.7
4/10/01,85.4
4/9/01,83.34
4/6/01,82
4/5/01,83.31
4/4/01,79.53
4/3/01,79.8
4/2/01,82.25
3/30/01,84.4
3/29/01,83.9
3/28/01,83.9
3/27/01,85.77
3/26/01,85
3/23/01,83.95
3/22/01,81.75
3/21/01,82.6
3/20/01,84.26
3/19/01,86.65
3/16/01,84.15
3/15/01,86.64
3/14/01,86.98
3/13/01,88.67
3/12/01,87.54
3/9/01,91.28
3/8/01,92.92
3/7/01,93.8
3/6/01,93.2
3/5/01,91.85
3/2/01,91.85
3/1/01,91.1
2/28/01,90.75
2/27/01,92.15
2/26/01,94.05
2/23/01,91.65
2/22/01,91.55
2/21/01,92.35
2/20/01,93.6
2/16/01,95.2
2/15/01,96.99
2/14/01,96.05
2/13/01,95.75
2/12/01,96.3
2/9/01,95.29
2/8/01,95.7
2/7/01,96
2/6/01,96.45
2/5/01,95.48
2/2/01,94.9
2/1/01,96.4
1/31/01,96.75
1/30/01,97.15
1/29/01,97.2
1/26/01,95.11
1/25/01,94.94
1/24/01,95.5
1/23/01,95.44
1/22/01,93.23
1/19/01,92.5
1/18/01,93.25
1/17/01,93.44
1/16/01,93
1/12/01,93.19
1/11/01,92.69
1/10/01,92.02
1/9/01,89.34
1/8/01,89.75
1/5/01,89.81
1/4/01,92.34
1/3/01,94.36
1/2/01,90.75
12/29/00,94.37
12/28/00,96.44
12/27/00,94.87
12/26/00,93.19
12/22/00,92.34
12/21/00,88.81
12/20/00,88.19
12/19/00,91
12/18/00,92.37
12/15/00,90.75
12/14/00,92
12/13/00,93.56
12/12/00,95.37
12/11/00,98.12
12/8/00,95.37
12/7/00,92.69
12/6/00,92.56
12/5/00,92.87
12/4/00,89.94
12/1/00,90.19
11/30/00,88.19
11/29/00,89.62
11/28/00,90.31
11/27/00,92.62
11/24/00,92.31
11/22/00,89.56
11/21/00,90.62
11/20/00,90.37
11/17/00,93
11/16/00,92.44
11/15/00,94.37
11/14/00,92.56
11/13/00,90.31
11/10/00,91.87
11/9/00,94.37
11/8/00,95.28
11/7/00,96.94
11/6/00,97.22
11/3/00,96.75
11/2/00,97.25
11/1/00,95.69
10/31/00,95
10/30/00,93.19
10/27/00,92.94
10/26/00,92
10/25/00,90.72
10/24/00,93.19
10/23/00,94.87
10/20/00,94.72
10/19/00,93.5
10/18/00,90.31
10/17/00,90.5
10/16/00,92.31
10/13/00,92
10/12/00,89.06
10/11/00,91.09
10/10/00,92
10/9/00,94.25
10/6/00,94
10/5/00,96.06
10/4/00,96.06
10/3/00,95.69
10/2/00,97.75
9/29/00,98.25
9/28/00,99.62
9/27/00,97.12
9/26/00,96.59
9/25/00,97.25
9/22/00,97.12
9/21/00,96.12
9/20/00,97.59
9/19/00,97.56
9/18/00,96.25
9/15/00,98.94
9/14/00,100.28
9/13/00,99.37
9/12/00,99.75
9/11/00,100.44
9/8/00,99.87
9/7/00,101.06
9/6/00,99.37
9/5/00,99.5
9/1/00,100.75
8/31/00,99.75
8/30/00,98.5
8/29/00,98.44
8/28/00,98
8/25/00,98.12
8/24/00,97.62
8/23/00,96.5
8/22/00,96.19
8/21/00,96.16
8/18/00,96.25
8/17/00,96.23
8/16/00,95.17
8/15/00,94.69
8/14/00,95.37
8/11/00,94.31
8/10/00,92.5
8/9/00,93.03
8/8/00,93.87
8/7/00,94.25
8/4/00,92.72
8/3/00,92
8/2/00,91.06
8/1/00,90.16
7/31/00,90
7/28/00,88.72
7/27/00,89.69
7/26/00,91.16
7/25/00,91.72
7/24/00,91.5
7/21/00,92.12
7/20/00,94.12
7/19/00,92.81
7/18/00,93.56
7/17/00,95.28
7/14/00,95.19
7/13/00,94.5
7/12/00,94.5
7/11/00,93.12
7/10/00,92.34
7/7/00,91.28
7/6/00,89.87
7/5/00,89
7/3/00,90.16
6/30/00,88.75
6/29/00,90.06
6/28/00,90.12
6/27/00,88.81
6/26/00,90.19
6/23/00,89.44
6/22/00,90
6/21/00,92.34
6/20/00,92.81
6/19/00,92.25
6/16/00,91
6/15/00,91.22
6/14/00,89.75
6/13/00,90.02
6/12/00,89.75
6/9/00,91.25
6/8/00,90.37
6/7/00,91.34
6/6/00,90.56
6/5/00,91.25
6/2/00,92.5
6/1/00,90.25
5/31/00,87.69
5/30/00,87.06
5/26/00,84.37
5/25/00,84.25
5/24/00,85
5/23/00,83.62
5/22/00,84.94
5/19/00,86
5/18/00,88.94
5/17/00,89.28
5/16/00,89.91
5/15/00,88.62
5/12/00,87.56
5/11/00,87.5
5/10/00,85.37
5/9/00,87.62
5/8/00,88.31
5/5/00,89.44
5/4/00,88.06
5/3/00,85.66
5/2/00,86.91
5/1/00,89.62
4/28/00,88.37
4/27/00,87.25
4/26/00,86.12
4/25/00,87.16
4/24/00,83.31
4/20/00,84.81
4/19/00,84.62
4/18/00,85.12
4/17/00,82
4/14/00,79
4/13/00,84.75
4/12/00,85.5
4/11/00,87.09
4/10/00,86.87
4/7/00,90
4/6/00,89.22
4/5/00,87.34
4/4/00,87.44
4/3/00,87.87
3/31/00,91.25
3/30/00,88.12
3/29/00,88.25
3/28/00,89.5
3/27/00,91.47
3/24/00,91.81
3/23/00,91.25
3/22/00,90.69
3/21/00,88.5
3/20/00,87.12
3/17/00,90
3/16/00,89.16
3/15/00,84.12
3/14/00,84.19
3/13/00,86.25
3/10/00,89.37
3/9/00,89
3/8/00,87.25
3/7/00,87.37
3/6/00,88.47
3/3/00,88.09
3/2/00,85.69
3/1/00,86.31
2/29/00,85.5
2/28/00,82.56
2/25/00,82
2/24/00,83
2/23/00,82.06
2/22/00,80.37
2/18/00,80.44
2/17/00,83
2/16/00,81.78
2/15/00,81.87
2/14/00,81.75
2/11/00,81.56
2/10/00,82.62
2/9/00,81.5
2/8/00,83
2/7/00,82.19
2/4/00,81.47
2/3/00,82.19
2/2/00,81
2/1/00,80.12
1/31/00,79.31
1/28/00,78.69
1/27/00,81.3
1/26/00,80.87
1/25/00,81.06
1/24/00,81
1/21/00,83
1/20/00,83
1/19/00,83
1/18/00,82.59
1/14/00,82.56
1/13/00,81.31
1/12/00,79.37
1/11/00,80.16
1/10/00,82.62
1/7/00,81
1/6/00,77.44
1/5/00,78.12
1/4/00,77.37
1/3/00,80.09
12/31/99,81.12
12/30/99,81
12/29/99,81.09
12/28/99,80.12
12/27/99,79.78
12/23/99,80.44
12/22/99,79.34
12/21/99,78.28
12/20/99,76.78
12/17/99,78.8
12/16/99,79.06
12/15/99,78.19
12/14/99,77.69
12/13/99,79.25
12/10/99,79.31
12/9/99,78.97
12/8/99,79.41
12/7/99,80.62
12/6/99,81.06
12/3/99,81.69
12/2/99,80.81
12/1/99,79.75
11/30/99,79.3
11/29/99,78.97
11/26/99,80.02
11/24/99,79.97
11/23/99,79.14
11/22/99,80.91
11/19/99,81.44
11/18/99,81.58
11/17/99,81
11/16/99,81.17
11/15/99,79.75
11/12/99,79.28
11/11/99,78.41
11/10/99,78.41
11/9/99,78.06
11/8/99,78.36
11/5/99,78.28
11/4/99,77.25
11/3/99,76.67
11/2/99,75.73
11/1/99,75.41
10/29/99,75.31
10/28/99,73.81
10/27/99,71.75
10/26/99,71.28
10/25/99,72.12
10/22/99,72.25
10/21/99,71.25
10/20/99,71.05
10/19/99,70.37
10/18/99,69.84
10/15/99,70.5
10/14/99,71.75
10/13/99,71.36
10/12/99,72.56
10/11/99,73.8
10/8/99,72.41
10/7/99,72.92
10/6/99,73.41
10/5/99,72.69
10/4/99,72.97
10/1/99,71.33
9/30/99,71.81
9/29/99,71.81
9/28/99,71.87
9/27/99,72.19
9/24/99,72.12
9/23/99,72.37
9/22/99,74.12
9/21/99,73.98
9/20/99,75.41
9/17/99,75.87
9/16/99,75.12
9/15/99,75.52
9/14/99,76.59
9/13/99,76.47
9/10/99,76.94
9/9/99,76.75
9/8/99,75.95
9/7/99,76.56
9/3/99,76.28
9/2/99,74.5
9/1/99,75.09
8/31/99,74
8/30/99,74
8/27/99,74.87
8/26/99,75.94
8/25/99,76.34
8/24/99,76.25
8/23/99,76.78
8/20/99,75.83
8/19/99,74.94
8/18/99,75.37
8/17/99,75.94
8/16/99,75.44
8/13/99,75.56
8/12/99,74.56
8/11/99,74.62
8/10/99,73.44
8/9/99,74.3
8/6/99,74.5
8/5/99,75.22
8/4/99,75
8/3/99,75.72
8/2/99,76.22
7/30/99,76.62
7/29/99,76.22
7/28/99,77.69
7/27/99,77.75
7/26/99,76.87
7/23/99,78.06
7/22/99,78.62
7/21/99,79.09
7/20/99,78.31
7/19/99,79.97
7/16/99,80.62
7/15/99,80.69
7/14/99,79.86
7/13/99,79
7/12/99,79.25
7/9/99,79.31
7/8/99,79.06
7/7/99,78.66
7/6/99,79.31
7/2/99,79.03
7/1/99,78.91
6/30/99,78.44
6/29/99,78.06
6/28/99,76.87
6/25/99,76.34
6/24/99,76.31
6/23/99,77.72
6/22/99,77.12
6/21/99,77.41
6/18/99,77
6/17/99,77.19
6/16/99,76.62
6/15/99,75.62
6/14/99,74.87
6/11/99,75.44
6/10/99,75.75
6/9/99,76.06
6/8/99,75.87
6/7/99,77
6/4/99,76.16
6/3/99,75.25
6/2/99,74.91
6/1/99,74.16
5/28/99,74.75
5/27/99,74.44
5/26/99,74.19
5/25/99,73.75
5/24/99,75.06
5/21/99,76.12
5/20/99,76.19
5/19/99,76.28
5/18/99,75.36
5/17/99,75.34
5/14/99,75.5
5/13/99,77.62
5/12/99,77.16
5/11/99,75.5
5/10/99,75.87
5/7/99,75.25
5/6/99,74.53
5/5/99,75.12
5/4/99,75.28
5/3/99,75.62
4/30/99,74.41
4/29/99,74.94
4/28/99,74.87
4/27/99,74.44
4/26/99,73.78
4/23/99,73.62
4/22/99,73.37
4/21/99,73
4/20/99,71.69
4/19/99,71.39
4/16/99,71.84
4/15/99,71.61
4/14/99,70.86
4/13/99,70.25
4/12/99,70.12
4/9/99,69.37
4/8/99,69.44
4/7/99,68.16
4/6/99,68.87
4/5/99,69.56
4/1/99,69.19
3/31/99,68.94
3/30/99,68.62
3/29/99,69.91
3/26/99,68.31
3/25/99,68.75
3/24/99,67.41
3/23/99,66.12
3/22/99,67.64
3/19/99,67.87
3/18/99,69.56
3/17/99,69.39
3/16/99,68.94
3/15/99,69
3/12/99,68.75
3/11/99,69.19
3/10/99,69.09
3/9/99,68.37
3/8/99,69.41
3/5/99,68.72
3/4/99,68.44
3/3/99,67.37
3/2/99,67.75
3/1/99,67.53
2/26/99,67.44
2/25/99,67.75
2/24/99,67.69
2/23/99,68.87
2/22/99,68.75
2/19/99,67.81
2/18/99,67.44
2/17/99,66.91
2/16/99,67.84
2/12/99,68
2/11/99,69.09
2/10/99,67.28
2/9/99,68
2/8/99,69.66
2/5/99,69.12
2/4/99,70.25
2/3/99,71.37
2/2/99,70.34
2/1/99,70.84
1/29/99,70.94
1/28/99,70.97
1/27/99,70.5
1/26/99,71.12
1/25/99,71.11
1/22/99,71.12
1/21/99,70.69
1/20/99,72.06
1/19/99,72.5
1/15/99,72.44
1/14/99,71.25
1/13/99,72.19
1/12/99,72.66
1/11/99,73
1/8/99,73.52
1/7/99,73.69
1/6/99,74.62
1/5/99,73.5
1/4/99,73.31
12/31/98,72.75
12/30/98,71.11
12/29/98,70.5
12/28/98,70.12
12/24/98,69.22
12/23/98,69
12/22/98,67.56
12/21/98,68.12
12/18/98,68
12/17/98,67.78
12/16/98,67
12/15/98,66.87
12/14/98,66.17
12/11/98,67.66
12/10/98,68
12/9/98,69.28
12/8/98,69.44
12/7/98,69.67
12/4/98,68.92
12/3/98,67.56
12/2/98,68
12/1/98,67.83
11/30/98,66.87
11/27/98,69.31
11/25/98,69.03
11/24/98,68.64
11/23/98,69.16
11/20/98,67.87
11/19/98,68.41
11/18/98,68.16
11/17/98,67.05
11/16/98,66.87
11/13/98,66.81
11/12/98,66.78
11/11/98,66.59
11/10/98,66.7
11/9/98,67.25
11/6/98,68.33
11/5/98,67.66
11/4/98,67.06
11/3/98,65.5
11/2/98,66
10/30/98,64.56
10/29/98,63.59
10/28/98,62.69
10/27/98,62.25
10/26/98,61.69
10/23/98,61.47
10/22/98,61.75
10/21/98,61
10/20/98,61.31
10/19/98,61.02
10/16/98,59.88
10/15/98,59.81
10/14/98,56.66
10/13/98,54.84
10/12/98,55.8
10/9/98,54.81
10/8/98,52.88
10/7/98,55
10/6/98,55.7
10/5/98,55.53
10/2/98,57.88
10/1/98,57.31
9/30/98,59.81
9/29/98,60.16
9/28/98,60.63
9/25/98,59.97
9/24/98,60.13
9/23/98,62
9/22/98,59.91
9/21/98,59.06
9/18/98,59.5
9/17/98,59
9/16/98,60.38
9/15/98,59.39
9/14/98,59.22
9/11/98,58.5
9/10/98,56.41
9/9/98,57.53
9/8/98,59.61
9/4/98,56
9/3/98,56.41
9/2/98,56.75
9/1/98,56.08
8/31/98,53.28
8/28/98,58.22
8/27/98,58.31
8/26/98,61.38
8/25/98,62.89
8/24/98,62.81
8/21/98,63.16
8/20/98,63.73
8/19/98,64.67
8/18/98,65.45
8/17/98,64.27
8/14/98,63.86
8/13/98,63.78
8/12/98,65.03
8/11/98,63
8/10/98,64.72
8/7/98,65.78
8/6/98,64.72
8/5/98,63.77
8/4/98,63.59
8/3/98,65.78
7/31/98,66.64
7/30/98,67.98
7/29/98,66.59
7/28/98,67.05
7/27/98,68.3
7/24/98,68.3
7/23/98,68.8
7/22/98,70.16
7/21/98,70.86
7/20/98,72.22
7/17/98,72.11
7/16/98,72.3
7/15/98,71.62
7/14/98,71.39
7/13/98,71.03
7/10/98,70.86
7/9/98,71.23
7/8/98,71.31
7/7/98,70.62
7/6/98,70.94
7/2/98,70.62
7/1/98,70.95
6/30/98,69.62
6/29/98,69.87
6/26/98,69.12
6/25/98,68.78
6/24/98,68.94
6/23/98,68.75
6/22/98,67.98
6/19/98,67.14
6/18/98,67.59
6/17/98,68.39
6/16/98,67.5
6/15/98,66.06
6/12/98,68.03
6/11/98,68.12
6/10/98,69.02
6/9/98,70.08
6/8/98,69.81
6/5/98,69.37
6/4/98,68.67
6/3/98,67.72
6/2/98,68.61
6/1/98,68.14
5/29/98,68.75
5/28/98,68.94
5/27/98,68.8
5/26/98,68.58
5/22/98,69.84
5/21/98,70.72
5/20/98,70.86
5/19/98,71
5/18/98,70.67
5/15/98,70.97
5/14/98,71.53
5/13/98,71.8
5/12/98,72
5/11/98,71.81
5/8/98,72.5
5/7/98,71.28
5/6/98,71.81
5/5/98,72.37
5/4/98,72.62
5/1/98,73.19
4/30/98,72.34
4/29/98,71.28
4/28/98,70.52
4/27/98,69.67
4/24/98,71.44
4/23/98,72.2
4/22/98,73.5
4/21/98,73.31
4/20/98,72.72
4/17/98,72.75
4/16/98,72.03
4/15/98,72.83
4/14/98,72.22
4/13/98,71.47
4/9/98,70.89
4/8/98,70.83
4/7/98,70.92
4/6/98,71.83
4/3/98,72.3
4/2/98,72.45
4/1/98,71.81
3/31/98,71.3
3/30/98,70.53
3/27/98,70.64
3/26/98,71
3/25/98,70.8
3/24/98,71.12
3/23/98,70.69
3/20/98,70.89
3/19/98,70.91
3/18/98,70.98
3/17/98,70.36
3/16/98,70.47
3/13/98,70
3/12/98,70.05
3/11/98,69.62
3/10/98,69.11
3/9/98,68.44
3/6/98,68.78
3/5/98,67.81
3/4/98,67.97
3/3/98,68.5
3/2/98,68
2/27/98,68.09
2/26/98,68.09
2/25/98,67.87
2/24/98,66.53
2/23/98,67.44
2/20/98,67.25
2/19/98,66.87
2/18/98,67.06
2/17/98,66.34
2/13/98,66.28
2/12/98,66.44
2/11/98,66.41
2/10/98,66.05
2/9/98,65.36
2/6/98,65.75
2/5/98,64.95
2/4/98,65.14
2/3/98,64.81
2/2/98,64.23
1/30/98,63.16
1/29/98,62.84
1/28/98,62.89
1/27/98,61.77
1/26/98,61.27
1/23/98,61.56
1/22/98,62.06
1/21/98,62.47
1/20/98,63.2
1/16/98,62.03
1/15/98,61.27
1/14/98,61.89
1/13/98,61.27
1/12/98,60.23
1/9/98,59.94
1/8/98,61.81
1/7/98,62.8
1/6/98,62.81
1/5/98,63.78
1/2/98,64.06
12/31/97,64.08
12/30/97,63.63
12/29/97,63.02
12/26/97,61.78
12/24/97,61.7
12/23/97,62.38
12/22/97,62.94
12/19/97,62.25
12/18/97,62.95
12/17/97,63.34
12/16/97,63.38
12/15/97,62.89
12/12/97,62.52
12/11/97,63.31
12/10/97,63.92
12/9/97,64.48
12/8/97,65.36
12/5/97,65.16
12/4/97,64.27
12/3/97,64.19
12/2/97,63.67
12/1/97,63.69
11/28/97,63.08
11/26/97,62.94
11/25/97,62.25
11/24/97,61.73
11/21/97,63.17
11/20/97,63.27
11/19/97,62.41
11/18/97,62.34
11/17/97,62.97
11/14/97,61.84
11/13/97,61.13
11/12/97,60.5
11/11/97,62.13
11/10/97,62
11/7/97,62.58
11/6/97,63.3
11/5/97,63.7
11/4/97,63.38
11/3/97,63.3
10/31/97,62.06
10/30/97,60.5
10/29/97,62.09
10/28/97,61.47
10/27/97,60.06
10/24/97,64.12
10/23/97,64.87
10/22/97,66
10/21/97,66.53
10/20/97,65.28
10/17/97,64.25
10/16/97,65.45
10/15/97,66.12
10/14/97,66.12
10/13/97,66
10/10/97,66
10/9/97,66.25
10/8/97,66.11
10/7/97,66.2
10/6/97,66.12
10/3/97,65.5
10/2/97,65.19
10/1/97,64.81
9/30/97,64.5
9/29/97,64.69
9/26/97,64.41
9/25/97,64.09
9/24/97,64.34
9/23/97,64.45
9/22/97,64.81
9/19/97,64.91
9/18/97,64.83
9/17/97,64.56
9/16/97,64.37
9/15/97,63.84
9/12/97,64.03
9/11/97,62.91
9/10/97,62.89
9/9/97,63.63
9/8/97,63.55
9/5/97,63
9/4/97,62.84
9/3/97,62.64
9/2/97,62.19
8/29/97,61.36
8/28/97,61.16
8/27/97,61.41
8/26/97,60.5
8/25/97,61.06
8/22/97,60.92
8/21/97,60.63
8/20/97,61.63
8/19/97,61.13
8/18/97,60.03
8/15/97,60.09
8/14/97,60.59
8/13/97,60.67
8/12/97,60.53
8/11/97,60.84
8/8/97,60.7
8/7/97,61.8
8/6/97,62.28
8/5/97,61.88
8/4/97,61.5
8/1/97,61.13
7/31/97,61.27
7/30/97,61.09
7/29/97,60.22
7/28/97,59.91
7/25/97,59.86
7/24/97,59.84
7/23/97,59.75
7/22/97,59.73
7/21/97,58.63
7/18/97,58.88
7/17/97,59.5
7/16/97,60
7/15/97,59.25
7/14/97,58.66
7/11/97,58.38
7/10/97,57.81
7/9/97,57.28
7/8/97,57.63
7/7/97,57.25
7/3/97,57.25
7/2/97,56.73
7/1/97,56.31
6/30/97,55.92
6/27/97,56.19
6/26/97,55.81
6/25/97,55.81
6/24/97,56.39
6/23/97,55.59
6/20/97,56.53
6/19/97,57.05
6/18/97,56.59
6/17/97,56.61
6/16/97,56.22
6/13/97,56.55
6/12/97,56
6/11/97,55.5
6/10/97,55.48
6/9/97,55.14
6/6/97,55.3
6/5/97,54.75
6/4/97,54.66
6/3/97,54.52
6/2/97,54.92
5/30/97,54.34
5/29/97,54.03
5/28/97,54
5/27/97,54.09
5/23/97,53.95
5/22/97,53.09
5/21/97,53
5/20/97,53.13
5/19/97,52.48
5/16/97,52.5
5/15/97,52.84
5/14/97,52.67
5/13/97,52.64
5/12/97,52.88
5/9/97,51.89
5/8/97,52.27
5/7/97,51.52
5/6/97,52.33
5/5/97,53
5/2/97,51.8
5/1/97,50.22
4/30/97,50.13
4/29/97,50
4/28/97,48.7
4/25/97,48.48
4/24/97,49.16
4/23/97,49.06
4/22/97,48.83
4/21/97,48.25
4/18/97,49.22
4/17/97,49.16
4/16/97,48.98
4/15/97,49.05
4/14/97,48.69
4/11/97,48.13
4/10/97,49.38
4/9/97,49.89
4/8/97,49.91
4/7/97,49.66
4/4/97,49.25
4/3/97,48.7
4/2/97,48.19
4/1/97,48.75
3/31/97,48.94
3/27/97,50
3/26/97,50.98
3/25/97,50.81
3/24/97,50.56
3/21/97,50.59
3/20/97,50.61
3/19/97,50.45
3/18/97,50.83
3/17/97,51.39
3/14/97,51.84
3/13/97,51.31
3/12/97,51.66
3/11/97,52.25
3/10/97,52.27
3/7/97,52.27
3/6/97,51.94
3/5/97,51.97
3/4/97,51.69
3/3/97,51.38
2/28/97,51.19
2/27/97,51.25
2/26/97,51.83
2/25/97,52.25
2/24/97,51.97
2/21/97,51.73
2/20/97,51.63
2/19/97,52.41
2/18/97,52.72
2/14/97,52.48
2/13/97,52.31
2/12/97,52.06
2/11/97,51.33
2/10/97,51.22
2/7/97,51.75
2/6/97,51.05
2/5/97,51.03
2/4/97,51.56
2/3/97,51.77
1/31/97,51.75
1/30/97,51.36
1/29/97,51.09
1/28/97,50.78
1/27/97,50.75
1/24/97,50.95
1/23/97,51.16
1/22/97,51.84
1/21/97,51.69
1/20/97,51.64
1/17/97,51.84
1/16/97,51.38
1/15/97,51.31
1/14/97,51.39
1/13/97,50.84
1/10/97,51.09
1/9/97,50.58
1/8/97,50.08
1/7/97,50.44
1/6/97,50.09
1/3/97,49.7
1/2/97,49.27
12/31/96,49.5
12/30/96,49.47
12/27/96,49.8
12/26/96,49.47
12/24/96,49.31
12/23/96,48.98
12/20/96,49.28
12/19/96,50.44
12/18/96,49.63
12/17/96,49.05
12/16/96,49.08
12/13/96,49.5
12/12/96,49.81
12/11/96,50.25
12/10/96,50.94
12/9/96,51.31
12/6/96,50.42
12/5/96,50.91
12/4/96,50.88
12/3/96,51.34
12/2/96,51.33
11/29/96,51.03
11/27/96,51.05
11/26/96,50.97
11/25/96,51.17
11/22/96,50.88
11/21/96,50.45
11/20/96,50.44
11/19/96,50.16
11/18/96,50.39
11/15/96,50.25
11/14/96,50.27
11/13/96,49.78
11/12/96,50.09
11/11/96,49.64
11/8/96,49.55
11/7/96,49.5
11/6/96,49.3
11/5/96,48.58
11/4/96,48.2
11/1/96,48.19
10/31/96,48.17
10/30/96,47.83
10/29/96,48
10/28/96,47.81
10/25/96,48.19
10/24/96,48.38
10/23/96,48.45
10/22/96,48.19
10/21/96,48.63
10/18/96,48.78
10/17/96,48.75
10/16/96,48.55
10/15/96,48.7
10/14/96,48.69
10/11/96,48.38
10/10/96,48.27
10/9/96,47.97
10/8/96,48.25
10/7/96,48.94
10/4/96,48.95
10/3/96,48.39
10/2/96,48.13
10/1/96,47.94
9/30/96,47.95
9/27/96,48.09
9/26/96,48.25
9/25/96,47.72
9/24/96,47.61
9/23/96,47.3
9/20/96,47.47
9/19/96,47.44
9/18/96,47.09
9/17/96,47.5
9/16/96,47.78
9/13/96,47.38
9/12/96,47
9/11/96,46.69
9/10/96,46.27
9/9/96,46.16
9/6/96,46.06
9/5/96,45.42
9/4/96,46.03
9/3/96,45.92
8/30/96,46.05
8/29/96,45.89
8/28/96,46.7
8/27/96,46.41
8/26/96,45.95
8/23/96,46.33
8/22/96,46.44
8/21/96,45.63
8/20/96,46.02
8/19/96,45.91
8/16/96,46.17
8/15/96,45.86
8/14/96,45.66
8/13/96,45.14
8/12/96,45.59
8/9/96,45.22
8/8/96,45.55
8/7/96,45.44
8/6/96,45.16
8/5/96,44.78
8/2/96,45.36
8/1/96,44.38
7/31/96,43.69
7/30/96,43.17
7/29/96,43.03
7/26/96,43.73
7/25/96,43.06
7/24/96,42.59
7/23/96,42.3
7/22/96,43.48
7/19/96,44.27
7/18/96,44.73
7/17/96,43.86
7/16/96,42.88
7/15/96,43.02
7/12/96,44.64
7/11/96,44.52
7/10/96,45.7
7/9/96,45.83
7/8/96,45.5
7/5/96,45.63
7/3/96,46.56
7/2/96,47
7/1/96,47.28
6/28/96,46.53
6/27/96,46.19
6/26/96,45.73
6/25/96,46.61
6/24/96,46.98
6/21/96,46.67
6/20/96,46.64
6/19/96,47
6/18/96,47
6/17/96,47.33
6/14/96,47.5
6/13/96,47.66
6/12/96,47.98
6/11/96,47.88
6/10/96,47.75
6/7/96,47.67
6/6/96,47.75
6/5/96,48.38
6/4/96,48.13
6/3/96,47.73
5/31/96,47.64
5/30/96,47.81
5/29/96,47.31
5/28/96,47.95
5/24/96,48.34
5/23/96,48.31
5/22/96,48.38
5/21/96,48.39
5/20/96,48.44
5/17/96,48.06
5/16/96,47.98
5/15/96,47.97
5/14/96,47.97
5/13/96,47.69
5/10/96,47.23
5/9/96,46.58
5/8/96,46.55
5/7/96,46.53
5/6/96,46.72
5/3/96,46.8
5/2/96,46.69
5/1/96,47.47
4/30/96,47.28
4/29/96,47.27
4/26/96,47.38
4/25/96,47.09
4/24/96,46.95
4/23/96,46.64
4/22/96,46.3
4/19/96,45.91
4/18/96,45.66
4/17/96,45.47
4/16/96,45.83
4/15/96,45.38
4/12/96,45.09
4/11/96,44.59
4/10/96,44.83
4/9/96,45.47
4/8/96,45.3
4/4/96,46.13
4/3/96,46.23
4/2/96,46.13
4/1/96,46.2
3/29/96,45.78
3/28/96,45.5
3/27/96,45.38
3/26/96,45.55
3/25/96,45.63
3/22/96,45.88
3/21/96,45.83
3/20/96,45.8
3/19/96,46.36
3/18/96,46.28
3/15/96,45.52
3/14/96,45.67
3/13/96,45.23
3/12/96,44.55
3/11/96,45.11
3/8/96,44.48
3/7/96,46.17
3/6/96,46.2
3/5/96,45.73
3/4/96,46.13
3/1/96,45.31
2/29/96,45.58
2/28/96,46.36
2/27/96,46.08
2/26/96,46.11
2/23/96,46.25
2/22/96,46.36
2/21/96,45.47
2/20/96,45.13
2/16/96,45.41
2/15/96,45.39
2/14/96,45.13
2/13/96,45.27
2/12/96,45.44
2/9/96,45.13
2/8/96,45.23
2/7/96,45.03
2/6/96,45
2/5/96,44.5
2/2/96,44.38
2/1/96,44.53
1/31/96,44.19
1/30/96,44
1/29/96,43.5
1/26/96,43.47
1/25/96,43.08
1/24/96,43.47
1/23/96,42.72
1/22/96,42.84
1/19/96,42.5
1/18/96,42.27
1/17/96,42.09
1/16/96,41.77
1/15/96,41.41
1/12/96,42.16
1/11/96,42.23
1/10/96,41.48
1/9/96,42.2
1/8/96,43.11
1/5/96,42.94
1/4/96,42.84
1/3/96,43.64
1/2/96,43.67
12/29/95,43.45
12/28/95,43.33
12/27/95,43.39
12/26/95,43.33
12/22/95,43.09
12/21/95,42.83
12/20/95,42.53
12/19/95,42.47
12/18/95,41.63
12/15/95,42.41
12/14/95,43
12/13/95,43.7
12/12/95,43.7
12/11/95,43.86
12/8/95,43.81
12/7/95,43.5
12/6/95,43.94
12/5/95,44.36
12/4/95,44.42
12/1/95,43.81
11/30/95,43.8
11/29/95,43.81
11/28/95,43.38
11/27/95,43.02
11/24/95,42.89
11/22/95,42.86
11/21/95,42.7
11/20/95,42.84
11/17/95,43.28
11/16/95,43.16
11/15/95,42.95
11/14/95,42.69
11/13/95,43.14
11/10/95,43.48
11/9/95,43.44
11/8/95,42.98
11/7/95,42.7
11/6/95,43.34
11/3/95,43.39
11/2/95,43.16
11/1/95,42.27
10/31/95,42.03
10/30/95,42.25
10/27/95,41.94
10/26/95,41.36
10/25/95,42.13
10/24/95,42.7
10/23/95,42.66
10/20/95,42.69
10/19/95,43.02
10/18/95,43.08
10/17/95,43.05
10/16/95,42.53
10/13/95,42.7
10/12/95,42.5
10/11/95,42.06
10/10/95,40.94
10/9/95,41.47
10/6/95,42.45
10/5/95,42.33
10/4/95,42.06
10/3/95,42.45
10/2/95,43
9/29/95,43.41
9/28/95,43.44
9/27/95,42.61
9/26/95,43.08
9/25/95,43
9/22/95,43.47
9/21/95,43.63
9/20/95,43.97
9/19/95,43.8
9/18/95,43.16
9/15/95,43.44
9/14/95,43.73
9/13/95,43.81
9/12/95,43.83
9/11/95,43.69
9/8/95,43.64
9/7/95,43.47
9/6/95,43.5
9/5/95,42.97
9/1/95,42.48
8/31/95,42.39
8/30/95,42.13
8/29/95,41.92
8/28/95,42.16
8/25/95,42.28
8/24/95,42.22
8/23/95,42.41
8/22/95,42.17
8/21/95,42.16
8/18/95,42.5
