Date,REM,IWM,VWO
5/4/2007,50.19,82.82,85.19
5/7/2007,50.18,82.58,85.49
5/8/2007,50.00,82.29,84.72
5/9/2007,50.30,82.62,85.74
5/10/2007,49.72,81.60,83.61
5/11/2007,50.08,82.34,85.80
5/14/2007,49.64,81.62,85.26
5/15/2007,48.78,80.97,85.30
5/16/2007,48.77,81.41,86.67
5/17/2007,48.38,80.78,86.17
5/18/2007,48.37,81.73,86.78
5/21/2007,49.01,82.76,86.97
5/22/2007,49.83,83.27,87.20
5/23/2007,49.99,83.05,86.63
5/24/2007,49.14,81.96,84.75
5/25/2007,49.40,82.49,86.42
5/29/2007,49.92,83.25,86.15
5/30/2007,49.92,83.81,87.00
5/31/2007,50.50,84.27,87.32
6/1/2007,50.62,84.70,89.29
6/4/2007,50.95,84.79,89.02
6/5/2007,50.95,84.45,88.53
6/6/2007,49.71,83.51,87.07
6/7/2007,48.94,81.78,85.53
6/8/2007,48.94,82.85,87.54
6/11/2007,48.94,82.87,87.80
6/12/2007,47.97,81.50,86.37
6/13/2007,48.26,82.59,88.29
6/14/2007,48.50,83.34,89.66
6/15/2007,49.40,84.33,91.20
6/18/2007,49.25,84.17,91.93
6/19/2007,49.25,84.39,92.11
6/20/2007,49.32,82.93,91.47
6/21/2007,48.41,83.58,92.50
6/22/2007,47.98,82.92,91.20
6/25/2007,47.26,82.49,90.44
6/26/2007,46.67,81.88,90.00
6/27/2007,46.36,83.59,91.17
6/28/2007,47.10,83.42,91.18
6/29/2007,45.37,82.90,91.29
7/2/2007,45.40,83.97,93.18
7/3/2007,45.92,84.37,94.19
7/5/2007,45.92,84.51,94.92
7/6/2007,45.83,84.80,96.21
7/9/2007,45.83,84.72,96.95
7/10/2007,44.55,83.33,95.25
7/11/2007,43.52,83.83,95.97
7/12/2007,43.53,84.82,98.48
7/13/2007,43.69,84.90,99.16
7/16/2007,43.27,84.48,97.72
7/17/2007,43.37,84.54,97.95
7/18/2007,41.99,84.27,97.59
7/19/2007,42.50,84.51,98.50
7/20/2007,42.05,83.25,98.24
7/23/2007,41.22,82.94,100.55
7/24/2007,39.90,81.00,97.57
7/25/2007,40.04,80.70,98.76
7/26/2007,39.34,78.54,93.32
7/27/2007,39.35,76.63,92.30
7/30/2007,38.42,77.96,95.85
7/31/2007,34.85,77.10,94.50
8/1/2007,32.73,77.52,93.00
8/2/2007,34.22,78.13,93.99
8/3/2007,32.11,75.35,90.20
8/6/2007,32.37,76.03,92.50
8/7/2007,31.33,77.20,92.84
8/8/2007,33.07,79.52,95.40
8/9/2007,32.65,77.69,91.44
8/10/2007,31.15,78.06,90.45
8/13/2007,29.86,77.64,91.00
8/14/2007,26.24,76.31,88.15
8/15/2007,26.39,75.20,83.81
8/16/2007,28.30,76.87,82.40
8/17/2007,31.16,78.41,85.56
8/20/2007,30.87,78.47,86.05
8/21/2007,31.16,78.69,85.39
8/22/2007,31.58,79.63,88.86
8/23/2007,31.38,78.61,89.60
8/24/2007,31.52,79.63,91.62
8/27/2007,30.25,78.53,92.05
8/28/2007,29.11,76.55,88.40
8/29/2007,29.53,78.56,92.58
8/30/2007,30.00,78.03,91.65
8/31/2007,30.75,78.74,94.49
9/4/2007,31.12,79.75,95.81
9/5/2007,30.16,79.01,93.59
9/6/2007,29.90,79.03,94.99
9/7/2007,30.14,77.73,93.11
9/10/2007,30.14,76.65,92.47
9/11/2007,30.70,77.99,95.12
9/12/2007,30.60,77.50,94.84
9/13/2007,31.38,77.69,95.78
9/14/2007,31.97,78.09,95.92
9/17/2007,31.67,77.23,95.04
9/18/2007,33.34,80.52,99.50
9/19/2007,33.98,81.60,99.72
9/20/2007,33.12,80.79,99.06
9/21/2007,33.42,80.96,100.75
9/24/2007,32.84,80.34,102.00
9/25/2007,32.34,79.82,102.09
9/26/2007,31.27,80.52,102.85
9/27/2007,31.15,81.00,104.61
9/28/2007,30.90,80.04,103.78
10/1/2007,31.67,82.03,107.77
10/2/2007,32.16,82.56,107.40
10/3/2007,31.97,82.33,105.76
10/4/2007,31.94,82.46,106.70
10/5/2007,32.39,84.13,109.60
10/8/2007,31.91,83.50,108.60
10/9/2007,31.56,84.18,109.77
10/10/2007,31.42,84.11,110.50
10/11/2007,31.16,83.30,109.99
10/12/2007,31.09,83.82,111.65
10/15/2007,30.43,82.85,110.90
10/16/2007,30.26,81.90,108.45
10/17/2007,29.73,82.22,111.65
10/18/2007,29.90,82.02,112.14
10/19/2007,29.29,79.09,106.59
10/22/2007,29.99,80.76,108.00
10/23/2007,29.95,81.38,110.60
10/24/2007,29.75,80.86,109.61
10/25/2007,29.38,80.66,110.90
10/26/2007,29.88,82.01,115.14
10/29/2007,29.89,81.92,117.09
10/30/2007,29.83,81.27,114.95
10/31/2007,29.80,82.32,117.28
11/1/2007,28.89,79.14,113.15
11/2/2007,28.09,79.53,113.75
11/5/2007,28.13,78.48,111.00
11/6/2007,28.72,79.96,114.40
11/7/2007,27.67,77.48,110.04
11/8/2007,28.63,77.71,111.04
11/9/2007,28.89,76.85,108.64
11/12/2007,28.70,76.11,102.82
11/13/2007,29.38,78.50,109.80
11/14/2007,29.28,78.05,110.30
11/15/2007,29.11,76.94,107.80
11/16/2007,28.79,76.29,107.98
11/19/2007,28.44,74.64,105.00
11/20/2007,27.43,75.07,106.40
11/21/2007,27.35,73.50,101.41
11/23/2007,27.99,75.06,103.26
11/26/2007,26.61,73.10,98.30
11/27/2007,26.88,73.95,103.11
11/28/2007,28.46,76.87,108.20
11/29/2007,28.54,76.21,107.30
11/30/2007,29.01,76.65,107.28
12/3/2007,29.19,75.75,107.52
12/4/2007,28.64,74.95,107.33
12/5/2007,28.73,76.44,111.34
12/6/2007,30.20,78.25,112.35
12/7/2007,30.60,78.49,111.67
12/10/2007,31.28,79.11,111.61
12/11/2007,30.21,76.35,106.95
12/12/2007,29.97,76.91,110.03
12/13/2007,30.08,76.49,108.06
12/14/2007,29.84,75.00,105.04
12/17/2007,29.22,73.85,100.26
12/18/2007,30.21,75.17,102.90
12/19/2007,30.08,75.70,103.35
12/20/2007,30.33,76.84,103.70
12/21/2007,31.15,78.60,106.45
12/24/2007,31.71,79.17,106.45
12/26/2007,31.44,79.54,107.23
12/27/2007,30.03,77.39,105.01
12/28/2007,29.53,76.56,105.42
12/31/2007,29.60,75.90,104.30
1/2/2008,29.38,75.16,104.00
1/3/2008,29.14,74.33,105.00
1/4/2008,28.76,72.09,101.53
1/7/2008,29.07,72.25,102.33
1/8/2008,28.64,70.02,102.25
1/9/2008,28.44,70.73,104.73
1/10/2008,28.68,71.70,105.70
1/11/2008,28.61,70.22,103.20
1/14/2008,28.94,70.80,104.31
1/15/2008,28.86,69.50,99.91
1/16/2008,29.34,69.57,96.07
1/17/2008,28.33,67.88,93.32
1/18/2008,27.79,67.22,95.36
1/22/2008,29.04,66.74,92.44
1/23/2008,30.59,69.02,93.44
1/24/2008,30.63,68.97,94.10
1/25/2008,30.14,68.47,91.90
1/28/2008,31.38,69.92,94.00
1/29/2008,31.42,70.10,94.36
1/30/2008,31.18,69.22,92.69
1/31/2008,31.85,70.94,94.89
2/1/2008,33.07,72.61,97.19
2/4/2008,32.74,71.79,97.07
2/5/2008,32.55,69.95,93.03
2/6/2008,32.30,69.02,91.60
2/7/2008,32.97,70.11,93.07
2/8/2008,32.60,69.67,92.49
2/11/2008,32.07,69.70,93.75
2/12/2008,32.20,70.25,94.10
2/13/2008,32.05,71.84,96.10
2/14/2008,31.40,70.18,95.00
2/15/2008,31.29,69.87,96.45
2/19/2008,31.40,70.73,97.39
2/20/2008,31.33,70.77,98.17
2/21/2008,30.95,69.42,96.84
2/22/2008,30.71,69.42,98.30
2/25/2008,31.41,70.77,99.38
2/26/2008,31.40,71.43,101.24
2/27/2008,31.33,71.40,101.65
2/28/2008,30.56,70.32,100.81
2/29/2008,29.83,68.86,97.62
3/3/2008,27.38,68.20,98.18
3/4/2008,26.70,67.80,96.38
3/5/2008,26.02,68.45,98.19
3/6/2008,21.83,66.17,95.23
3/7/2008,21.93,65.96,94.20
3/10/2008,21.03,64.50,91.55
3/11/2008,23.28,67.30,97.74
3/12/2008,23.13,66.52,95.41
3/13/2008,22.43,67.85,95.22
3/14/2008,21.51,66.14,91.78
3/17/2008,20.78,65.06,88.79
3/18/2008,22.85,68.05,93.86
3/19/2008,22.47,66.35,88.62
3/20/2008,24.13,67.48,89.96
3/24/2008,24.60,69.99,93.33
3/25/2008,24.28,70.22,94.35
3/26/2008,23.67,69.64,93.15
3/27/2008,23.13,69.00,94.17
3/28/2008,22.84,68.19,93.48
3/31/2008,22.51,68.29,94.03
4/1/2008,24.00,70.79,96.80
4/2/2008,24.05,70.96,96.78
4/3/2008,23.71,71.18,97.80
4/4/2008,23.70,71.16,97.63
4/7/2008,24.05,71.04,98.11
4/8/2008,24.04,70.97,97.91
4/9/2008,23.48,69.81,97.15
4/10/2008,23.54,70.55,98.83
4/11/2008,22.80,68.74,97.01
4/14/2008,22.84,68.53,97.14
4/15/2008,23.02,68.97,98.79
4/16/2008,23.49,71.20,100.86
4/17/2008,24.03,70.92,100.24
4/18/2008,24.46,71.67,101.25
4/21/2008,24.39,71.68,102.24
4/22/2008,23.97,70.37,101.35
4/23/2008,23.89,70.55,102.60
4/24/2008,24.34,71.23,102.00
4/25/2008,24.54,71.90,102.97
4/28/2008,24.90,72.38,102.04
4/29/2008,24.61,71.74,100.32
4/30/2008,24.57,71.40,101.96
5/1/2008,25.45,72.63,103.43
5/2/2008,25.38,72.55,104.13
5/5/2008,25.10,72.27,103.80
5/6/2008,25.56,72.86,104.72
5/7/2008,25.34,71.56,102.26
5/8/2008,24.83,71.71,102.64
5/9/2008,24.78,71.50,102.11
5/12/2008,24.88,73.07,102.90
5/13/2008,24.57,73.49,103.28
5/14/2008,24.50,73.40,103.50
5/15/2008,25.14,73.55,105.60
5/16/2008,25.20,73.95,106.76
5/19/2008,25.24,73.97,107.29
5/20/2008,25.04,73.70,104.78
5/21/2008,24.66,72.65,103.96
5/22/2008,24.75,73.17,105.15
5/23/2008,24.80,72.21,102.36
5/27/2008,24.89,73.32,102.70
5/28/2008,24.88,73.66,103.17
5/29/2008,25.28,74.41,103.95
5/30/2008,25.17,74.67,103.78
6/2/2008,25.13,73.99,103.20
6/3/2008,24.87,73.84,101.41
6/4/2008,24.69,74.30,100.00
6/5/2008,25.15,76.20,102.96
6/6/2008,24.40,73.92,99.38
6/9/2008,24.18,73.68,99.06
6/10/2008,23.48,73.14,96.91
6/11/2008,22.77,71.87,96.50
6/12/2008,22.80,72.02,97.11
6/13/2008,23.22,73.32,97.15
6/16/2008,23.54,73.78,98.00
6/17/2008,23.22,73.72,97.28
6/18/2008,23.08,73.13,49.07
6/19/2008,23.28,73.74,48.43
6/20/2008,23.04,72.57,46.90
6/23/2008,22.41,71.89,47.00
6/24/2008,21.39,70.70,46.90
6/25/2008,21.55,71.50,47.74
6/26/2008,21.08,69.66,46.21
6/27/2008,20.84,69.73,46.59
6/30/2008,20.13,69.05,46.80
7/1/2008,19.97,69.10,45.51
7/2/2008,19.72,66.89,44.37
7/3/2008,19.39,66.32,44.48
7/7/2008,18.71,65.69,44.17
7/8/2008,20.07,68.07,44.53
7/9/2008,19.00,66.25,43.33
7/10/2008,18.27,66.90,44.70
7/11/2008,19.02,67.27,44.27
7/14/2008,18.94,66.16,44.50
7/15/2008,18.33,65.88,43.48
7/16/2008,19.19,68.30,44.69
7/17/2008,19.48,68.40,45.49
7/18/2008,19.42,68.88,45.00
7/21/2008,19.65,69.72,45.09
7/22/2008,20.54,71.47,44.60
7/23/2008,20.95,71.93,45.01
7/24/2008,19.75,70.11,44.22
7/25/2008,19.92,70.68,44.22
7/28/2008,19.05,69.48,44.37
7/29/2008,19.53,71.18,44.29
7/30/2008,19.36,71.61,45.00
7/31/2008,19.40,71.32,44.59
8/1/2008,19.80,71.41,44.49
8/4/2008,19.14,70.75,43.02
8/5/2008,19.60,71.96,43.59
8/6/2008,19.70,72.32,44.22
8/7/2008,18.80,71.24,42.90
8/8/2008,19.56,73.12,43.06
8/11/2008,19.56,74.87,42.54
8/12/2008,19.00,74.31,42.38
8/13/2008,18.75,74.58,42.28
8/14/2008,18.90,75.30,42.56
8/15/2008,18.65,75.10,41.97
8/18/2008,18.30,74.13,41.01
8/19/2008,18.00,72.90,40.63
8/20/2008,18.22,73.00,41.84
8/21/2008,18.05,72.16,41.64
8/22/2008,18.48,73.68,41.84
8/25/2008,18.17,72.06,40.56
8/26/2008,18.05,72.17,40.70
8/27/2008,18.26,73.03,41.49
8/28/2008,18.77,74.51,41.53
8/29/2008,18.86,73.87,41.06
9/2/2008,18.75,73.85,39.65
9/3/2008,19.11,74.15,39.31
9/4/2008,18.76,71.82,38.00
9/5/2008,19.12,71.64,37.90
9/8/2008,20.29,72.48,38.49
9/9/2008,19.63,70.81,36.85
9/10/2008,19.53,71.47,36.90
9/11/2008,19.40,71.92,36.99
9/12/2008,19.39,72.25,37.47
9/15/2008,18.25,69.01,34.77
9/16/2008,18.51,71.00,34.30
9/17/2008,16.93,67.80,32.03
9/18/2008,19.30,71.80,34.00
9/19/2008,19.96,75.00,38.97
9/22/2008,19.44,71.95,36.44
9/23/2008,19.37,70.99,35.22
9/24/2008,18.95,69.94,35.79
9/25/2008,18.80,70.30,37.12
9/26/2008,18.61,70.63,36.07
9/29/2008,17.00,65.05,32.13
9/30/2008,17.66,68.00,34.66
10/1/2008,17.58,67.02,34.22
10/2/2008,16.69,63.58,31.69
10/3/2008,16.25,62.70,31.20
10/6/2008,15.84,59.72,28.54
10/7/2008,15.28,55.80,26.61
10/8/2008,14.39,54.46,26.54
10/9/2008,12.74,49.99,25.45
10/10/2008,13.89,52.45,24.80
10/13/2008,15.02,56.98,29.83
10/14/2008,15.07,55.38,29.07
10/15/2008,13.49,50.41,24.61
10/16/2008,14.27,53.71,25.23
10/17/2008,14.25,52.20,25.10
10/20/2008,14.40,54.69,26.56
10/21/2008,14.16,53.18,24.55
10/22/2008,13.64,50.49,22.19
10/23/2008,13.37,48.99,22.45
10/24/2008,12.94,47.17,20.45
10/27/2008,12.15,44.86,19.72
10/28/2008,12.95,48.45,23.07
10/29/2008,13.76,48.70,22.84
10/30/2008,14.55,51.43,25.18
10/31/2008,15.25,53.75,25.21
11/3/2008,15.12,53.82,25.24
11/4/2008,15.46,54.44,27.45
11/5/2008,14.76,51.59,24.25
11/6/2008,14.35,49.59,22.90
11/7/2008,14.84,50.62,24.87
11/10/2008,14.28,49.45,24.96
11/11/2008,14.21,48.38,23.65
11/12/2008,13.01,45.56,21.60
11/13/2008,14.09,49.31,24.47
11/14/2008,13.39,45.64,22.47
11/17/2008,12.79,45.25,22.12
11/18/2008,12.46,45.03,21.82
11/19/2008,11.91,41.36,20.17
11/20/2008,10.65,38.53,18.60
11/21/2008,11.66,40.64,21.00
11/24/2008,12.76,43.50,22.47
11/25/2008,13.61,44.22,22.03
11/26/2008,14.10,46.87,23.53
11/28/2008,14.18,47.34,23.03
12/1/2008,12.50,42.02,20.99
12/2/2008,13.38,44.23,22.16
12/3/2008,13.60,45.57,22.45
12/4/2008,13.13,44.06,21.53
12/5/2008,14.08,46.10,22.58
12/8/2008,14.53,48.14,23.52
12/9/2008,13.93,46.65,23.38
12/10/2008,14.08,47.75,24.82
12/11/2008,13.15,45.33,24.34
12/12/2008,13.94,46.89,24.57
12/15/2008,13.59,45.38,24.38
12/16/2008,14.73,48.33,26.27
12/17/2008,14.89,48.77,25.60
12/18/2008,14.53,48.46,25.11
12/19/2008,14.76,48.70,25.04
12/22/2008,14.99,47.76,24.20
12/23/2008,14.93,46.71,23.89
12/24/2008,14.19,46.88,22.99
12/26/2008,14.29,47.55,22.97
12/29/2008,13.64,46.82,23.06
12/30/2008,13.92,48.12,23.59
12/31/2008,14.37,49.24,23.57
1/2/2009,14.14,50.22,24.83
1/5/2009,14.46,50.40,25.23
1/6/2009,14.85,51.25,25.68
1/7/2009,14.83,49.74,24.32
1/8/2009,15.07,49.98,24.17
1/9/2009,14.65,48.13,23.58
1/12/2009,14.24,46.70,22.49
1/13/2009,14.56,47.32,22.64
1/14/2009,14.03,45.24,21.52
1/15/2009,13.99,45.97,21.81
1/16/2009,14.11,46.48,22.12
1/20/2009,13.05,43.33,20.50
1/21/2009,13.74,45.49,21.64
1/22/2009,13.22,44.17,21.14
1/23/2009,13.50,44.39,21.19
1/26/2009,13.64,44.89,21.51
1/27/2009,13.97,45.38,21.69
1/28/2009,14.32,47.25,22.93
1/29/2009,13.59,45.40,21.75
1/30/2009,13.46,44.48,21.47
2/2/2009,13.76,44.84,21.33
2/3/2009,13.80,45.16,21.94
2/4/2009,13.41,44.83,22.16
2/5/2009,13.27,45.35,22.58
2/6/2009,13.57,46.96,23.67
2/9/2009,13.65,46.75,23.43
2/10/2009,13.06,44.59,22.17
2/11/2009,13.17,44.76,22.69
2/12/2009,13.43,45.14,22.64
2/13/2009,13.29,44.67,22.77
2/17/2009,12.82,42.90,20.98
2/18/2009,12.59,42.29,21.15
2/19/2009,12.05,41.70,21.06
2/20/2009,12.33,41.14,20.56
2/23/2009,11.86,39.56,20.06
2/24/2009,12.49,41.02,21.13
2/25/2009,12.22,40.17,20.82
2/26/2009,11.92,39.42,20.59
2/27/2009,11.83,39.15,20.96
3/2/2009,11.30,36.94,19.98
3/3/2009,11.16,36.24,19.41
3/4/2009,11.06,36.99,20.73
3/5/2009,10.52,35.02,19.82
3/6/2009,10.65,35.20,20.10
3/9/2009,10.62,34.39,19.75
3/10/2009,11.30,36.63,21.33
3/11/2009,11.18,36.68,21.27
3/12/2009,11.83,38.96,21.99
3/13/2009,12.05,39.37,22.13
3/16/2009,11.83,38.66,22.22
3/17/2009,12.23,40.45,22.73
3/18/2009,12.68,41.85,23.22
3/19/2009,12.16,41.41,23.06
3/20/2009,11.74,39.98,22.76
3/23/2009,12.54,43.38,24.76
3/24/2009,12.23,41.56,24.06
3/25/2009,12.34,42.73,24.44
3/26/2009,12.66,44.38,25.00
3/27/2009,12.28,42.89,24.30
3/30/2009,11.99,41.66,23.10
3/31/2009,12.38,42.05,23.56
4/1/2009,12.50,42.78,24.42
4/2/2009,12.68,44.92,25.80
4/3/2009,13.00,45.63,26.10
4/6/2009,12.77,44.85,25.76
4/7/2009,12.45,43.26,25.23
4/8/2009,12.56,44.06,25.65
4/9/2009,13.33,46.64,26.77
4/13/2009,13.37,46.66,26.96
4/14/2009,12.56,45.31,26.54
4/15/2009,12.89,46.00,26.89
4/16/2009,13.04,47.33,27.27
4/17/2009,12.90,47.75,27.01
4/20/2009,12.08,45.30,25.71
4/21/2009,12.65,46.87,26.36
4/22/2009,12.31,46.86,26.15
4/23/2009,12.50,46.75,26.65
4/24/2009,12.54,47.62,27.14
4/27/2009,12.38,47.11,26.23
4/28/2009,12.48,47.18,26.09
4/29/2009,12.88,48.97,27.50
4/30/2009,12.72,48.52,27.67
5/1/2009,12.61,48.82,28.17
5/4/2009,13.25,50.60,30.06
5/5/2009,13.06,50.35,29.66
5/6/2009,13.28,50.49,30.29
5/7/2009,12.78,49.30,29.46
5/8/2009,13.45,51.01,30.57
5/11/2009,13.19,50.26,29.88
5/12/2009,13.11,49.55,30.04
5/13/2009,12.76,47.28,29.00
5/14/2009,13.07,47.94,29.43
5/15/2009,12.74,47.76,29.20
5/18/2009,13.46,49.36,31.01
5/19/2009,13.10,49.38,31.22
5/20/2009,12.93,48.92,31.34
5/21/2009,12.81,48.29,30.82
5/22/2009,12.65,47.79,31.13
5/26/2009,12.79,50.07,31.40
5/27/2009,12.40,49.10,31.10
5/28/2009,12.52,49.16,32.06
5/29/2009,12.79,50.17,32.62
6/1/2009,12.98,52.13,33.89
6/2/2009,13.12,52.78,33.40
6/3/2009,13.05,52.43,32.34
6/4/2009,13.25,53.18,32.85
6/5/2009,13.05,53.20,32.90
6/8/2009,12.96,52.57,32.42
6/9/2009,13.07,52.81,32.45
6/10/2009,12.80,52.60,32.76
6/11/2009,12.81,52.62,33.37
6/12/2009,12.93,52.78,32.97
6/15/2009,12.74,51.36,31.78
6/16/2009,12.72,50.50,31.36
6/17/2009,12.72,50.77,31.12
6/18/2009,12.79,51.00,31.06
6/19/2009,12.98,51.31,31.19
6/22/2009,12.69,49.49,30.00
6/23/2009,12.60,49.09,30.19
6/24/2009,12.70,49.62,31.05
6/25/2009,12.83,51.05,31.82
6/26/2009,13.05,51.23,31.99
6/29/2009,13.06,51.23,32.19
6/30/2009,13.09,51.08,31.82
7/1/2009,13.30,51.87,32.49
7/2/2009,12.96,49.91,31.56
7/6/2009,13.04,49.47,31.63
7/7/2009,12.87,48.40,30.89
7/8/2009,12.81,48.07,30.54
7/9/2009,12.81,47.87,31.03
7/10/2009,12.80,48.10,30.65
7/13/2009,13.21,49.26,30.87
7/14/2009,13.28,49.55,31.17
7/15/2009,13.61,51.46,32.79
7/16/2009,13.75,52.10,32.79
7/17/2009,13.71,51.90,33.14
7/20/2009,13.82,52.54,34.16
7/21/2009,13.71,52.45,34.12
7/22/2009,13.72,52.86,34.05
7/23/2009,13.91,54.53,34.96
7/24/2009,13.87,54.81,34.86
7/27/2009,14.35,55.09,35.09
7/28/2009,14.25,55.12,34.91
7/29/2009,13.95,54.84,34.17
7/30/2009,14.22,55.80,35.08
7/31/2009,14.25,55.57,35.29
8/3/2009,14.50,56.54,36.63
8/4/2009,14.66,57.11,36.35
8/5/2009,14.95,56.54,36.04
8/6/2009,14.82,55.75,35.73
8/7/2009,15.06,57.09,35.98
8/10/2009,14.93,57.19,35.68
8/11/2009,14.61,56.27,35.04
8/12/2009,14.57,57.12,35.43
8/13/2009,14.61,57.59,36.03
8/14/2009,14.51,56.41,35.54
8/17/2009,14.30,54.82,34.08
8/18/2009,14.50,55.55,34.64
8/19/2009,14.54,56.23,34.82
8/20/2009,14.77,56.84,35.27
8/21/2009,14.93,58.15,35.93
8/24/2009,14.83,58.13,36.00
8/25/2009,14.94,58.38,35.95
8/26/2009,14.98,58.51,35.75
8/27/2009,14.85,58.42,35.69
8/28/2009,14.87,58.05,35.69
8/31/2009,14.85,57.20,35.04
9/1/2009,14.50,55.92,34.49
9/2/2009,14.36,55.64,34.90
9/3/2009,14.41,56.26,35.54
9/4/2009,14.60,57.05,36.24
9/8/2009,14.77,57.68,37.01
9/9/2009,14.94,58.67,37.09
9/10/2009,14.96,59.40,37.62
9/11/2009,14.97,59.42,37.50
9/14/2009,15.11,60.05,37.48
9/15/2009,15.43,60.54,37.88
9/16/2009,15.71,61.79,38.89
9/17/2009,15.72,61.66,38.55
9/18/2009,15.69,61.91,38.68
9/21/2009,15.60,61.74,38.32
9/22/2009,16.13,62.02,39.01
9/23/2009,15.55,61.43,38.41
9/24/2009,15.16,60.20,37.65
9/25/2009,15.16,59.83,37.93
9/28/2009,15.42,61.26,38.40
9/29/2009,15.19,60.99,38.35
9/30/2009,15.11,60.24,38.53
10/1/2009,14.74,58.44,37.56
10/2/2009,14.89,58.00,37.65
10/5/2009,15.09,59.04,38.48
10/6/2009,15.01,60.14,39.11
10/7/2009,14.97,60.16,39.02
10/8/2009,15.02,60.71,39.62
10/9/2009,15.11,61.42,39.83
10/12/2009,15.00,61.43,40.07
10/13/2009,14.77,61.17,40.08
10/14/2009,15.06,62.34,41.36
10/15/2009,14.99,62.30,41.18
10/16/2009,14.79,61.68,40.58
10/19/2009,14.92,62.19,41.33
10/20/2009,14.77,61.33,40.69
10/21/2009,14.64,60.50,40.55
10/22/2009,14.88,61.34,40.87
10/23/2009,14.70,60.06,40.48
10/26/2009,14.52,59.52,40.11
10/27/2009,14.39,58.79,39.45
10/28/2009,14.06,56.83,37.75
10/29/2009,14.51,57.91,39.35
10/30/2009,14.13,56.33,37.60
11/2/2009,14.14,56.22,38.32
11/3/2009,14.23,57.07,37.94
11/4/2009,13.99,56.25,38.92
11/5/2009,14.23,58.04,39.73
11/6/2009,14.12,58.08,39.60
11/9/2009,14.47,59.22,40.97
11/10/2009,14.43,58.85,40.68
11/11/2009,14.59,59.26,40.94
11/12/2009,14.43,58.17,40.07
11/13/2009,14.50,58.73,40.78
11/16/2009,14.71,60.28,41.76
11/17/2009,14.75,60.28,41.61
11/18/2009,14.86,60.16,41.27
11/19/2009,14.78,58.66,40.59
11/20/2009,14.77,58.59,40.55
11/23/2009,14.76,59.61,41.24
11/24/2009,14.82,59.34,41.10
11/25/2009,14.75,59.33,41.44
11/27/2009,14.59,57.58,39.93
11/30/2009,14.89,58.09,40.30
12/1/2009,14.82,58.99,41.31
12/2/2009,14.91,59.69,41.50
12/3/2009,14.84,58.96,41.19
12/4/2009,14.84,60.42,41.45
12/7/2009,14.99,60.51,41.12
12/8/2009,14.95,60.04,40.51
12/9/2009,14.96,59.85,40.77
12/10/2009,14.95,59.61,40.86
12/11/2009,15.08,60.17,41.07
12/14/2009,15.27,61.08,41.28
12/15/2009,14.94,60.91,41.03
12/16/2009,14.97,61.30,41.14
12/17/2009,14.98,60.62,40.00
12/18/2009,15.02,61.18,40.17
12/21/2009,15.10,61.99,40.10
12/22/2009,15.26,62.57,40.36
12/23/2009,15.31,63.12,40.70
12/24/2009,14.89,63.36,40.64
12/28/2009,14.89,63.26,40.82
12/29/2009,14.85,63.23,40.78
12/30/2009,14.74,63.19,40.88
12/31/2009,14.71,62.44,41.00
1/4/2010,14.77,63.98,42.40
1/5/2010,14.78,63.76,42.54
1/6/2010,14.79,63.70,42.80
1/7/2010,14.94,64.17,42.43
1/8/2010,15.02,64.52,42.69
1/11/2010,15.03,64.26,42.75
1/12/2010,14.83,63.56,42.13
1/13/2010,14.98,64.38,42.30
1/14/2010,14.96,64.62,42.20
1/15/2010,14.79,63.68,41.70
1/19/2010,14.89,64.85,42.42
1/20/2010,14.87,63.91,41.38
1/21/2010,14.74,62.86,40.18
1/22/2010,14.60,61.73,39.28
1/25/2010,14.56,61.80,39.66
1/26/2010,14.52,61.19,38.90
1/27/2010,14.61,61.84,38.79
1/28/2010,14.62,60.78,38.64
1/29/2010,14.62,60.11,38.24
2/1/2010,14.63,60.82,39.34
2/2/2010,14.78,61.49,39.53
2/3/2010,14.76,61.08,39.42
2/4/2010,14.45,59.04,37.62
2/5/2010,14.70,59.27,37.55
2/8/2010,14.56,58.68,36.85
2/9/2010,14.46,59.49,37.98
2/10/2010,14.27,59.63,37.86
2/11/2010,14.35,60.58,38.79
2/12/2010,14.37,61.02,38.36
2/16/2010,14.59,62.05,39.34
2/17/2010,14.60,62.47,39.49
2/18/2010,14.64,62.98,39.57
2/19/2010,14.62,63.06,39.31
2/22/2010,14.66,63.25,39.33
2/23/2010,14.69,62.51,38.45
2/24/2010,14.84,63.04,38.93
2/25/2010,14.90,63.06,38.62
2/26/2010,15.00,62.80,38.96
3/1/2010,15.03,64.26,39.61
3/2/2010,15.04,64.75,40.06
3/3/2010,14.99,65.12,40.16
3/4/2010,14.98,65.29,39.90
3/5/2010,15.13,66.62,41.06
3/8/2010,15.16,66.74,41.05
3/9/2010,15.19,66.98,41.22
3/10/2010,15.23,67.55,41.30
3/11/2010,15.25,67.75,41.46
3/12/2010,15.21,67.72,41.35
3/15/2010,15.27,67.49,41.07
3/16/2010,15.40,68.07,41.55
3/17/2010,15.52,68.47,41.97
3/18/2010,15.48,68.26,41.70
3/19/2010,15.47,67.41,41.29
3/22/2010,15.54,68.36,41.39
3/23/2010,15.44,69.23,41.72
3/24/2010,15.43,68.27,41.16
3/25/2010,15.02,67.84,40.95
3/26/2010,15.00,67.81,41.24
3/29/2010,15.07,68.18,41.99
3/30/2010,15.06,68.39,42.13
3/31/2010,15.11,67.80,42.15
4/1/2010,15.18,68.43,43.16
4/5/2010,15.22,69.71,43.59
4/6/2010,15.30,70.12,43.68
4/7/2010,15.30,69.90,43.34
4/8/2010,15.37,69.83,43.45
4/9/2010,15.41,70.25,43.68
4/12/2010,15.43,70.54,43.32
4/13/2010,15.45,70.70,43.29
4/14/2010,15.60,72.21,43.97
4/15/2010,15.55,72.43,43.70
4/16/2010,15.34,71.46,42.55
4/19/2010,15.33,71.11,42.35
4/20/2010,15.55,72.08,42.84
4/21/2010,15.54,72.58,42.67
4/22/2010,15.58,73.35,42.86
4/23/2010,15.64,74.13,43.08
4/26/2010,15.57,73.85,43.10
4/27/2010,15.27,72.16,41.57
4/28/2010,15.38,72.28,41.98
4/29/2010,15.56,73.81,42.60
4/30/2010,15.37,71.65,42.06
5/3/2010,15.55,73.26,42.32
5/4/2010,15.03,70.96,40.58
5/5/2010,14.85,69.92,39.83
5/6/2010,14.31,67.30,38.37
5/7/2010,14.31,65.36,38.41
5/10/2010,14.80,69.03,40.93
5/11/2010,14.84,69.49,40.21
5/12/2010,15.03,71.62,40.77
5/13/2010,14.95,70.93,40.37
5/14/2010,14.70,69.56,39.67
5/17/2010,14.83,69.69,39.48
5/18/2010,14.57,68.35,38.63
5/19/2010,14.43,67.54,38.15
5/20/2010,13.92,64.12,36.42
5/21/2010,14.16,65.07,37.41
5/24/2010,14.15,64.20,37.02
5/25/2010,14.27,64.19,36.66
5/26/2010,14.25,64.35,36.66
5/27/2010,14.79,67.11,38.78
5/28/2010,14.86,66.25,38.20
6/1/2010,14.66,64.24,37.52
6/2/2010,14.81,66.07,38.85
6/3/2010,14.92,66.92,38.69
6/4/2010,14.54,63.56,37.41
6/7/2010,14.55,61.92,36.89
6/8/2010,14.60,61.89,37.69
6/9/2010,14.55,61.93,37.43
6/10/2010,14.86,64.07,38.60
6/11/2010,14.94,64.94,38.87
6/14/2010,15.02,65.35,38.84
6/15/2010,15.10,66.99,40.02
6/16/2010,15.03,66.68,39.97
6/17/2010,14.96,66.76,39.83
6/18/2010,15.11,66.80,40.06
6/21/2010,15.04,66.11,40.80
6/22/2010,14.89,64.75,40.03
6/23/2010,14.41,64.57,40.21
6/24/2010,14.33,63.54,39.61
6/25/2010,14.50,64.63,40.05
6/28/2010,14.52,64.26,39.84
6/29/2010,14.22,61.83,38.31
6/30/2010,14.11,61.12,37.99
7/1/2010,14.09,60.68,38.22
7/2/2010,14.03,59.82,38.30
7/6/2010,13.95,59.04,38.96
7/7/2010,14.40,61.10,39.72
7/8/2010,14.45,61.98,39.98
7/9/2010,14.61,62.94,40.48
7/12/2010,14.63,62.23,40.17
7/13/2010,14.85,64.20,40.65
7/14/2010,14.63,63.97,40.59
7/15/2010,14.65,63.38,40.49
7/16/2010,14.35,61.07,39.37
7/19/2010,14.37,61.33,39.87
7/20/2010,14.58,62.36,40.63
7/21/2010,14.40,61.24,40.27
7/22/2010,14.66,63.42,41.32
7/23/2010,14.87,64.98,41.65
7/26/2010,15.07,66.46,41.91
7/27/2010,15.01,66.22,41.81
7/28/2010,14.88,65.15,41.61
7/29/2010,14.72,64.98,41.73
7/30/2010,14.74,65.02,41.87
8/2/2010,14.82,66.15,42.96
8/3/2010,14.76,65.62,42.75
8/4/2010,14.79,66.31,42.89
8/5/2010,14.59,65.53,42.74
8/6/2010,14.65,65.14,42.64
8/9/2010,14.71,65.86,42.88
8/10/2010,14.64,64.62,42.28
8/11/2010,14.42,62.08,41.03
8/12/2010,14.43,61.77,41.07
8/13/2010,14.28,61.07,41.31
8/16/2010,14.33,61.56,41.64
8/17/2010,14.42,62.62,42.10
8/18/2010,14.46,62.81,42.03
8/19/2010,14.33,61.09,41.73
8/20/2010,14.36,61.15,41.68
8/23/2010,14.36,60.32,41.31
8/24/2010,14.20,59.63,40.86
8/25/2010,14.14,60.53,40.68
8/26/2010,14.08,60.08,40.39
8/27/2010,14.29,61.65,41.21
8/30/2010,14.15,60.30,40.60
8/31/2010,14.20,60.18,40.80
9/1/2010,14.46,62.51,42.16
9/2/2010,14.49,63.20,42.18
9/3/2010,14.64,64.33,42.65
9/7/2010,14.51,63.11,42.07
9/8/2010,14.59,63.48,42.50
9/9/2010,14.65,63.52,42.71
9/10/2010,14.62,63.72,42.93
9/13/2010,14.85,65.27,43.83
9/14/2010,14.79,64.99,43.85
9/15/2010,14.82,65.36,43.88
9/16/2010,14.75,64.94,43.68
9/17/2010,14.77,65.21,43.66
9/20/2010,14.97,67.02,44.36
9/21/2010,14.79,66.63,44.33
9/22/2010,14.71,65.84,44.34
9/23/2010,14.76,64.88,44.10
9/24/2010,14.60,66.99,44.87
9/27/2010,14.54,66.82,44.78
9/28/2010,14.57,67.48,45.08
9/29/2010,14.61,67.67,45.24
9/30/2010,14.57,67.50,45.46
10/1/2010,14.57,67.86,46.17
10/4/2010,14.62,66.94,46.13
10/5/2010,14.70,68.84,46.81
10/6/2010,14.75,68.61,46.90
10/7/2010,14.67,68.41,46.45
10/8/2010,14.73,69.28,46.94
10/11/2010,14.72,69.34,46.92
10/12/2010,14.82,69.52,46.72
10/13/2010,14.81,70.58,47.46
10/14/2010,14.83,70.53,47.52
10/15/2010,14.79,70.29,47.42
10/18/2010,14.90,70.88,47.39
10/19/2010,14.93,69.50,45.93
10/20/2010,14.97,70.21,46.71
10/21/2010,14.92,69.87,46.66
10/22/2010,14.83,70.32,46.78
10/25/2010,14.84,70.74,47.29
10/26/2010,14.71,70.69,47.29
10/27/2010,14.66,70.51,46.51
10/28/2010,14.61,70.08,46.75
10/29/2010,14.70,70.30,46.87
11/1/2010,14.64,69.82,47.36
11/2/2010,14.74,71.27,47.92
11/3/2010,14.71,71.55,48.25
11/4/2010,15.06,73.36,49.32
11/5/2010,15.13,73.77,49.24
11/8/2010,15.02,73.71,49.00
11/9/2010,14.91,72.73,48.47
11/10/2010,15.03,73.54,48.73
11/11/2010,15.01,73.25,48.36
11/12/2010,14.90,72.03,47.22
11/15/2010,14.88,72.04,47.16
11/16/2010,14.74,70.64,45.90
11/17/2010,14.81,70.83,46.10
11/18/2010,14.82,72.21,47.15
11/19/2010,14.84,72.45,47.21
11/22/2010,14.87,72.80,47.11
11/23/2010,14.84,72.11,45.60
11/24/2010,14.98,73.73,46.61
11/26/2010,14.94,73.22,45.60
11/29/2010,14.98,73.33,45.86
11/30/2010,14.91,72.75,45.54
12/1/2010,15.01,74.38,46.91
12/2/2010,15.20,75.13,47.65
12/3/2010,15.28,75.67,47.81
12/6/2010,15.28,76.14,47.79
12/7/2010,15.29,76.58,47.57
12/8/2010,15.31,76.53,47.28
12/9/2010,15.32,76.79,47.17
12/10/2010,15.48,77.75,47.38
12/13/2010,15.55,77.35,47.63
12/14/2010,15.54,77.31,47.68
12/15/2010,15.37,77.07,46.98
12/16/2010,15.47,77.78,47.25
12/17/2010,15.53,78.02,47.21
12/20/2010,15.64,78.33,47.07
12/21/2010,15.77,79.20,47.68
12/22/2010,15.86,78.82,47.05
12/23/2010,15.59,78.72,46.98
12/27/2010,15.62,78.96,46.89
12/28/2010,15.53,78.74,46.93
12/29/2010,15.64,78.91,47.50
12/30/2010,15.67,78.76,47.84
12/31/2010,15.59,78.24,48.15
1/3/2011,15.70,79.60,48.62
1/4/2011,15.43,78.42,48.81
1/5/2011,15.61,79.34,48.63
1/6/2011,15.66,78.97,48.20
1/7/2011,15.70,78.52,47.75
1/10/2011,15.63,78.97,47.26
1/11/2011,15.69,79.29,47.79
1/12/2011,15.77,79.97,48.88
1/13/2011,15.71,79.94,48.33
1/14/2011,15.84,80.54,48.46
1/18/2011,15.85,80.60,48.45
1/19/2011,15.48,78.53,48.05
1/20/2011,15.41,77.71,47.63
1/21/2011,15.42,77.19,47.16
1/24/2011,15.49,77.76,47.48
1/25/2011,15.52,77.88,47.20
1/26/2011,15.54,79.12,47.64
1/27/2011,15.66,79.35,47.48
1/28/2011,15.48,77.41,46.01
1/31/2011,15.47,77.95,46.49
2/1/2011,15.66,79.75,47.49
2/2/2011,15.70,79.45,47.12
2/3/2011,15.67,79.73,47.08
2/4/2011,15.61,79.87,47.06
2/7/2011,15.73,80.66,46.93
2/8/2011,15.84,81.23,46.80
2/9/2011,15.81,80.87,45.89
2/10/2011,15.79,81.19,45.43
2/11/2011,15.94,82.07,45.93
2/14/2011,15.95,82.49,45.90
2/15/2011,15.78,82.02,45.99
2/16/2011,15.83,82.68,46.40
2/17/2011,15.92,83.26,46.61
2/18/2011,15.92,83.35,46.90
2/22/2011,15.71,81.21,45.33
2/23/2011,15.69,79.81,45.29
2/24/2011,15.77,80.32,45.39
2/25/2011,15.97,82.18,46.01
2/28/2011,16.03,82.27,46.41
3/1/2011,15.84,80.62,45.93
3/2/2011,15.81,80.96,46.57
3/3/2011,15.91,82.80,47.44
3/4/2011,15.82,82.44,47.39
3/7/2011,15.77,81.09,46.82
3/8/2011,15.80,82.41,47.34
3/9/2011,15.86,82.08,47.35
3/10/2011,15.70,79.97,46.04
3/11/2011,15.66,80.18,46.37
3/14/2011,15.65,79.75,46.72
3/15/2011,15.52,79.04,45.98
3/16/2011,15.42,78.25,44.99
3/17/2011,15.47,78.42,45.60
3/18/2011,15.55,79.46,45.74
3/21/2011,15.67,81.30,46.56
3/22/2011,15.50,80.87,46.61
3/23/2011,15.52,81.12,47.21
3/24/2011,15.58,81.51,47.79
3/25/2011,15.27,82.22,47.79
3/28/2011,15.20,82.04,47.51
3/29/2011,15.19,82.81,47.98
3/30/2011,15.21,83.88,48.57
3/31/2011,15.18,84.17,48.95
4/1/2011,15.18,84.54,49.75
4/4/2011,15.17,84.73,50.21
4/5/2011,15.22,85.19,50.07
4/6/2011,15.29,85.38,50.30
4/7/2011,15.19,84.87,50.29
4/8/2011,15.05,83.98,50.37
4/11/2011,15.03,83.23,49.80
4/12/2011,14.89,82.14,48.91
4/13/2011,14.95,82.25,49.24
4/14/2011,15.02,82.63,49.53
4/15/2011,15.04,83.51,49.55
4/18/2011,14.95,82.13,48.40
4/19/2011,14.89,82.15,49.05
4/20/2011,14.95,83.83,50.28
4/21/2011,15.05,84.45,50.71
4/25/2011,15.10,84.34,50.28
4/26/2011,15.21,85.18,50.67
4/27/2011,15.27,85.69,50.66
4/28/2011,15.34,86.08,50.24
4/29/2011,15.41,86.39,50.60
5/2/2011,15.35,85.38,50.52
5/3/2011,15.41,84.30,49.49
5/4/2011,15.36,83.21,48.60
5/5/2011,15.29,82.83,48.09
5/6/2011,15.27,83.27,48.74
5/9/2011,15.30,84.24,48.87
5/10/2011,15.36,85.53,49.29
5/11/2011,15.30,83.95,48.39
5/12/2011,15.29,84.69,48.39
5/13/2011,15.12,83.51,47.42
5/16/2011,15.11,82.29,47.41
5/17/2011,15.13,82.03,47.63
5/18/2011,15.19,83.29,48.32
5/19/2011,15.26,83.47,48.08
5/20/2011,15.25,82.86,47.71
5/23/2011,15.15,81.37,46.73
5/24/2011,15.15,80.98,47.13
5/25/2011,15.12,82.00,47.24
5/26/2011,15.16,83.08,47.82
5/27/2011,15.25,83.65,48.30
5/31/2011,15.36,84.84,49.11
6/1/2011,15.11,82.11,48.40
6/2/2011,15.12,82.08,48.82
6/3/2011,15.07,80.88,48.52
6/6/2011,14.99,79.55,47.87
6/7/2011,14.99,79.74,48.25
6/8/2011,14.86,78.85,47.94
6/9/2011,14.88,79.27,48.21
6/10/2011,14.72,78.00,47.22
6/13/2011,14.78,77.78,47.13
6/14/2011,14.88,79.45,47.80
6/15/2011,14.79,78.03,46.86
6/16/2011,14.82,78.21,46.49
6/17/2011,14.84,78.23,46.57
6/20/2011,14.91,78.95,46.44
6/21/2011,14.96,80.66,47.25
6/22/2011,15.02,80.04,46.88
6/23/2011,14.55,80.35,46.64
6/24/2011,14.50,79.94,46.64
6/27/2011,14.51,80.56,47.06
6/28/2011,14.53,81.81,47.67
6/29/2011,14.67,82.20,48.07
6/30/2011,14.73,82.80,48.62
7/1/2011,14.96,84.09,49.18
7/5/2011,14.94,84.04,49.05
7/6/2011,15.06,84.38,48.92
7/7/2011,15.14,85.65,49.51
7/8/2011,15.13,85.13,49.00
7/11/2011,14.92,83.32,47.60
7/12/2011,14.82,82.85,47.18
7/13/2011,14.88,83.59,47.89
7/14/2011,14.67,82.26,47.46
7/15/2011,14.65,82.81,47.73
7/18/2011,14.46,81.48,47.19
7/19/2011,14.63,83.32,47.87
7/20/2011,14.71,83.18,47.97
7/21/2011,14.68,83.94,48.64
7/22/2011,14.68,84.05,48.68
7/25/2011,14.41,83.06,48.62
7/26/2011,14.40,82.43,48.83
7/27/2011,14.11,79.97,48.06
7/28/2011,14.06,79.84,48.11
7/29/2011,13.86,79.74,48.32
8/1/2011,14.11,79.22,48.28
8/2/2011,13.95,76.75,46.87
8/3/2011,14.17,77.26,46.66
8/4/2011,13.64,72.60,43.99
8/5/2011,13.57,71.33,43.65
8/8/2011,12.54,65.12,40.13
8/9/2011,13.72,69.46,42.27
8/10/2011,13.15,66.06,40.09
8/11/2011,13.63,69.36,42.40
8/12/2011,13.58,69.79,42.37
8/15/2011,13.97,71.76,43.39
8/16/2011,13.89,70.44,42.91
8/17/2011,13.92,70.46,43.20
8/18/2011,13.44,66.45,41.37
8/19/2011,13.21,65.28,40.74
8/22/2011,13.24,65.05,40.70
8/23/2011,13.50,68.19,42.10
8/24/2011,13.47,69.20,41.81
8/25/2011,13.10,67.50,40.99
8/26/2011,13.28,69.11,41.60
8/29/2011,13.63,72.38,42.94
8/30/2011,13.74,72.80,43.00
8/31/2011,13.73,72.65,43.93
9/1/2011,13.29,71.09,43.72
9/2/2011,13.07,68.46,42.79
9/6/2011,13.11,68.27,42.28
9/7/2011,13.37,70.85,43.52
9/8/2011,13.20,69.55,42.63
9/9/2011,13.19,67.50,41.15
9/12/2011,13.30,68.08,41.00
9/13/2011,13.42,69.18,41.06
9/14/2011,13.59,70.42,40.89
9/15/2011,13.69,71.41,41.43
9/16/2011,13.69,71.52,41.53
9/19/2011,13.62,70.24,40.36
9/20/2011,13.47,69.15,40.21
9/21/2011,13.03,66.59,38.68
9/22/2011,12.91,64.73,36.00
9/23/2011,12.98,65.14,36.79
9/26/2011,12.72,66.37,37.15
9/27/2011,12.71,67.80,38.32
9/28/2011,12.50,65.20,37.38
9/29/2011,12.67,66.33,37.82
9/30/2011,12.44,64.30,35.83
10/3/2011,11.87,60.99,35.20
10/4/2011,12.09,64.79,35.65
10/5/2011,12.12,65.68,36.27
10/6/2011,12.48,67.14,37.48
10/7/2011,12.12,65.50,37.01
10/10/2011,12.50,68.37,38.68
10/11/2011,12.55,68.84,38.79
10/12/2011,12.60,69.82,39.87
10/13/2011,12.52,69.76,39.58
10/14/2011,12.68,71.14,40.22
10/17/2011,12.46,68.98,38.99
10/18/2011,12.71,70.81,39.99
10/19/2011,12.63,69.43,39.30
10/20/2011,12.66,69.62,38.53
10/21/2011,12.66,71.13,39.60
10/24/2011,12.92,73.42,41.06
10/25/2011,12.87,71.36,40.30
10/26/2011,13.01,72.59,41.02
10/27/2011,13.29,76.42,43.47
10/28/2011,13.36,76.03,43.23
10/31/2011,13.20,74.01,41.53
11/1/2011,12.82,71.39,40.61
11/2/2011,12.90,73.15,41.70
11/3/2011,13.02,74.97,42.16
11/4/2011,12.97,74.60,41.98
11/7/2011,13.01,74.45,42.28
11/8/2011,13.22,75.54,42.81
11/9/2011,12.82,71.94,40.46
11/10/2011,12.77,72.47,40.67
11/11/2011,12.91,74.38,41.60
11/14/2011,12.76,73.31,41.11
11/15/2011,12.90,74.24,41.32
11/16/2011,12.85,73.04,40.35
11/17/2011,12.72,72.00,39.35
11/18/2011,12.74,71.98,39.44
11/21/2011,12.54,70.26,38.22
11/22/2011,12.52,69.67,38.29
11/23/2011,12.23,67.48,37.18
11/25/2011,12.30,66.62,37.01
11/28/2011,12.48,69.79,38.64
11/29/2011,12.46,69.66,38.43
11/30/2011,12.86,73.73,40.82
12/1/2011,12.84,73.20,40.74
12/2/2011,12.89,73.50,40.64
12/5/2011,13.01,74.76,41.31
12/6/2011,13.07,74.83,40.70
12/7/2011,13.11,74.68,40.93
12/8/2011,12.85,72.36,39.54
12/9/2011,12.98,74.54,40.20
12/12/2011,12.95,73.47,38.78
12/13/2011,12.91,71.94,38.45
12/14/2011,12.90,71.04,37.90
12/15/2011,12.95,71.70,38.13
12/16/2011,13.05,72.26,38.40
12/19/2011,12.90,71.01,37.41
12/20/2011,13.15,73.86,38.89
12/21/2011,13.28,74.16,38.18
12/22/2011,12.95,74.27,38.56
12/23/2011,12.95,74.55,38.73
12/27/2011,13.00,74.77,38.42
12/28/2011,12.70,73.41,37.77
12/29/2011,12.71,74.15,38.16
12/30/2011,12.66,73.75,38.21
1/3/2012,12.81,74.97,39.33
1/4/2012,12.80,74.56,39.22
1/5/2012,12.71,74.98,39.03
1/6/2012,12.82,74.79,38.57
1/9/2012,12.88,75.17,38.88
1/10/2012,12.94,76.27,39.75
1/11/2012,12.98,76.57,39.76
1/12/2012,13.02,76.80,39.96
1/13/2012,13.06,76.39,39.62
1/17/2012,13.07,76.36,40.27
1/18/2012,13.10,77.72,41.26
1/19/2012,13.20,78.20,41.65
1/20/2012,13.33,78.25,41.70
1/23/2012,13.38,78.15,41.92
1/24/2012,13.39,78.60,42.00
1/25/2012,13.50,79.27,42.49
1/26/2012,13.59,79.18,42.32
1/27/2012,13.57,79.72,42.63
1/30/2012,13.51,79.10,41.99
1/31/2012,13.60,79.02,42.33
2/1/2012,13.65,80.72,43.31
2/2/2012,13.73,81.18,43.48
2/3/2012,13.80,82.95,44.21
2/6/2012,13.75,82.68,43.80
2/7/2012,13.77,82.63,43.89
2/8/2012,13.67,82.81,44.23
2/9/2012,13.63,82.40,44.21
2/10/2012,13.59,81.27,43.28
2/13/2012,13.74,82.32,43.93
2/14/2012,13.67,81.95,43.61
2/15/2012,13.67,81.27,43.73
2/16/2012,13.72,82.80,44.17
2/17/2012,13.84,82.79,44.28
2/21/2012,13.82,82.23,44.11
2/22/2012,13.69,81.58,44.25
2/23/2012,13.86,82.80,44.15
2/24/2012,13.88,82.64,44.51
2/27/2012,13.91,82.50,44.15
2/28/2012,13.91,82.28,44.71
2/29/2012,13.82,81.05,44.63
3/1/2012,13.80,81.47,45.09
3/2/2012,13.85,80.25,44.97
3/5/2012,14.00,80.34,44.30
3/6/2012,13.82,78.74,42.74
3/7/2012,13.95,79.48,43.25
3/8/2012,13.80,80.51,44.20
3/9/2012,13.83,81.60,44.16
3/12/2012,13.87,81.44,43.75
3/13/2012,14.00,83.06,44.87
3/14/2012,13.82,82.38,44.11
3/15/2012,13.93,83.07,44.47
3/16/2012,13.87,83.00,44.45
3/19/2012,13.92,83.70,44.20
3/20/2012,13.92,82.95,43.58
3/21/2012,13.96,82.93,43.68
3/22/2012,13.87,82.13,43.00
3/23/2012,13.92,82.68,43.31
3/26/2012,13.59,84.40,43.98
3/27/2012,13.50,83.81,43.78
3/28/2012,13.47,83.32,43.16
3/29/2012,13.50,83.08,43.02
3/30/2012,13.52,82.81,43.47
4/2/2012,13.64,83.83,43.96
4/3/2012,13.60,83.27,43.79
4/4/2012,13.54,81.94,42.92
4/5/2012,13.48,81.58,43.17
4/9/2012,13.47,80.24,42.54
4/10/2012,13.34,78.35,41.72
4/11/2012,13.46,79.46,42.14
4/12/2012,13.57,80.60,43.21
4/13/2012,13.54,79.54,42.57
4/16/2012,13.56,79.67,42.37
4/17/2012,13.63,80.82,42.81
4/18/2012,13.65,80.21,42.62
4/19/2012,13.65,79.75,42.48
4/20/2012,13.72,80.21,42.75
4/23/2012,13.73,79.10,41.97
4/24/2012,13.81,79.70,42.04
4/25/2012,13.87,80.94,42.40
4/26/2012,13.95,81.74,42.66
4/27/2012,14.00,82.38,42.68
4/30/2012,14.00,81.47,42.56
5/1/2012,14.02,81.55,42.86
5/2/2012,13.99,81.77,42.81
5/3/2012,14.08,80.62,42.40
5/4/2012,14.00,79.09,41.70
5/7/2012,13.96,79.30,41.79
5/8/2012,14.02,79.25,41.19
5/9/2012,14.05,78.80,40.63
5/10/2012,14.15,79.10,40.84
5/11/2012,14.17,78.90,40.28
5/14/2012,14.09,77.85,39.37
5/15/2012,14.05,77.71,39.07
5/16/2012,14.03,77.15,38.45
5/17/2012,13.72,75.40,37.95
5/18/2012,13.61,74.69,37.71
5/21/2012,13.88,76.45,38.58
5/22/2012,13.92,75.99,38.27
5/23/2012,13.98,76.48,37.96
5/24/2012,14.01,76.64,37.73
5/25/2012,14.06,76.59,37.57
5/29/2012,14.15,77.70,38.61
5/30/2012,14.01,76.21,37.90
5/31/2012,14.02,76.11,38.02
6/1/2012,13.83,73.82,37.08
6/4/2012,13.79,73.65,37.22
6/5/2012,13.99,74.60,37.36
6/6/2012,14.17,76.44,38.41
6/7/2012,14.05,75.94,38.59
6/8/2012,14.17,76.97,38.27
6/11/2012,14.12,75.27,37.80
6/12/2012,14.21,76.22,38.59
6/13/2012,14.21,75.34,38.40
6/14/2012,14.31,76.20,38.62
6/15/2012,14.37,77.22,39.24
6/18/2012,14.37,77.31,39.39
6/19/2012,14.00,78.65,39.99
6/20/2012,13.94,78.53,39.93
6/21/2012,13.88,76.62,38.47
6/22/2012,13.96,77.49,38.63
6/25/2012,13.91,76.28,37.93
6/26/2012,13.91,76.20,38.27
6/27/2012,14.04,77.44,38.48
6/28/2012,14.08,77.31,38.32
6/29/2012,14.19,79.56,39.93
7/2/2012,14.34,80.48,39.97
7/3/2012,14.40,81.53,40.70
7/5/2012,14.43,81.44,40.35
7/6/2012,14.48,80.53,39.62
7/9/2012,14.50,80.22,39.44
7/10/2012,14.45,79.33,39.05
7/11/2012,14.37,79.06,39.23
7/12/2012,14.36,78.79,38.61
7/13/2012,14.44,79.77,39.33
7/16/2012,14.58,79.45,39.25
7/17/2012,14.67,79.73,39.72
7/18/2012,14.48,80.22,39.58
7/19/2012,14.45,79.95,39.98
7/20/2012,14.55,78.93,39.38
7/23/2012,14.59,77.67,38.42
7/24/2012,14.64,76.65,38.26
7/25/2012,14.67,76.82,38.42
7/26/2012,14.59,77.48,39.24
7/27/2012,14.73,79.32,40.39
7/30/2012,14.76,79.05,40.15
7/31/2012,14.74,78.35,40.01
8/1/2012,14.68,77.06,40.14
8/2/2012,14.66,76.78,39.58
8/3/2012,14.65,78.61,40.76
8/6/2012,14.47,79.22,41.01
8/7/2012,14.34,79.94,41.09
8/8/2012,14.39,79.82,41.21
8/9/2012,14.53,80.20,41.41
8/10/2012,14.54,79.92,41.60
8/13/2012,14.67,79.79,41.26
8/14/2012,14.72,79.60,41.27
8/15/2012,14.69,80.30,41.16
8/16/2012,14.61,81.14,41.58
8/17/2012,14.65,81.71,41.35
8/20/2012,14.72,81.53,41.35
8/21/2012,14.68,81.48,41.26
8/22/2012,14.68,81.09,41.29
8/23/2012,14.68,80.52,40.93
8/24/2012,14.78,80.74,40.95
8/27/2012,14.84,80.98,40.54
8/28/2012,14.89,81.35,40.47
8/29/2012,14.95,81.60,40.27
8/30/2012,14.93,80.79,39.78
8/31/2012,15.01,81.12,40.11
9/4/2012,15.10,82.11,39.92
9/5/2012,15.12,82.13,39.71
9/6/2012,15.18,83.64,40.56
9/7/2012,15.20,84.26,41.51
9/10/2012,15.27,83.88,41.01
9/11/2012,15.34,84.06,41.46
9/12/2012,15.41,84.49,41.64
9/13/2012,15.44,85.60,42.70
9/14/2012,15.53,86.40,43.22
9/17/2012,15.46,86.00,42.84
9/18/2012,15.40,85.72,42.81
9/19/2012,15.42,85.57,42.80
9/20/2012,15.52,85.19,42.59
9/21/2012,15.62,85.50,42.65
9/24/2012,15.61,84.89,42.11
9/25/2012,15.10,83.67,41.50
9/26/2012,15.00,83.14,41.31
9/27/2012,15.01,84.04,41.97
9/28/2012,15.03,83.44,41.72
10/1/2012,15.05,83.72,42.16
10/2/2012,15.19,83.88,42.13
10/3/2012,15.15,83.64,41.91
10/4/2012,15.11,84.21,42.30
10/5/2012,15.08,84.11,42.27
10/8/2012,15.05,83.58,41.88
10/9/2012,14.85,82.60,41.54
10/10/2012,14.64,82.47,41.33
10/11/2012,14.67,82.77,41.72
10/12/2012,14.48,82.10,41.60
10/15/2012,14.20,82.64,41.88
10/16/2012,14.37,83.25,42.25
10/17/2012,14.62,84.00,42.59
10/18/2012,14.71,83.54,42.47
10/19/2012,14.62,81.85,41.81
10/22/2012,14.55,81.83,42.24
10/23/2012,14.43,81.42,41.36
10/24/2012,14.57,81.20,41.43
10/25/2012,14.57,81.53,41.84
10/26/2012,14.47,81.14,41.55
10/31/2012,14.77,81.63,41.49
11/1/2012,14.75,82.49,42.10
11/2/2012,14.63,81.19,41.84
11/5/2012,14.59,81.73,42.04
11/6/2012,14.33,82.34,42.31
11/7/2012,13.96,80.34,41.67
11/8/2012,14.00,79.21,41.16
11/9/2012,13.99,79.38,41.31
11/12/2012,14.00,79.15,41.43
11/13/2012,13.57,78.70,41.04
11/14/2012,13.11,77.24,40.44
11/15/2012,13.41,76.84,40.58
11/16/2012,13.92,77.48,40.68
11/19/2012,13.98,79.12,41.40
11/20/2012,13.93,79.26,41.30
11/21/2012,13.98,79.68,41.24
11/23/2012,14.12,80.47,41.88
11/26/2012,14.16,80.73,41.94
11/27/2012,14.12,80.63,41.59
11/28/2012,14.15,81.31,41.79
11/29/2012,14.26,82.24,42.08
11/30/2012,14.32,82.08,42.02
12/3/2012,14.28,81.99,42.03
12/4/2012,14.25,82.09,42.14
12/5/2012,14.16,81.99,42.62
12/6/2012,14.19,82.12,42.89
12/7/2012,14.24,82.18,43.04
12/10/2012,14.35,82.54,43.33
12/11/2012,14.29,83.41,43.55
12/12/2012,14.16,82.94,43.72
12/13/2012,14.09,82.41,43.51
12/14/2012,13.99,82.36,43.73
12/17/2012,14.06,83.52,43.84
12/18/2012,14.16,84.66,44.11
12/19/2012,13.86,84.12,44.05
12/20/2012,13.91,84.54,43.90
12/21/2012,13.84,84.19,43.42
12/24/2012,13.80,83.78,43.33
12/26/2012,13.80,83.18,43.44
12/27/2012,13.70,83.12,43.75
12/28/2012,13.63,82.53,43.88
12/31/2012,13.67,84.32,44.53
1/2/2013,14.10,86.80,45.47
1/3/2013,14.21,86.60,45.20
1/4/2013,14.42,87.24,45.28
1/7/2013,14.41,86.91,44.89
1/8/2013,14.45,86.85,44.52
1/9/2013,14.48,87.27,44.78
1/10/2013,14.54,87.47,45.18
1/11/2013,14.61,87.34,44.84
1/14/2013,14.57,87.39,45.02
1/15/2013,14.62,87.77,44.85
1/16/2013,14.68,87.51,44.77
1/17/2013,14.76,88.32,45.08
1/18/2013,14.83,88.57,45.13
1/22/2013,14.94,89.21,45.09
1/23/2013,14.92,89.00,44.80
1/24/2013,14.83,89.29,44.67
1/25/2013,14.86,89.94,44.56
1/28/2013,14.90,90.00,44.23
1/29/2013,14.97,90.05,44.75
1/30/2013,14.98,88.97,44.52
1/31/2013,15.01,89.58,44.56
2/1/2013,15.05,90.37,44.86
2/4/2013,14.97,89.28,44.28
2/5/2013,15.01,90.08,44.41
2/6/2013,15.06,90.46,44.30
2/7/2013,14.86,90.16,43.94
2/8/2013,14.94,90.80,44.29
2/11/2013,15.00,90.70,44.27
2/12/2013,15.10,91.10,44.34
2/13/2013,15.21,91.48,44.52
2/14/2013,15.20,91.71,44.48
2/15/2013,15.16,91.74,44.41
2/19/2013,15.22,92.55,44.43
2/20/2013,15.04,90.83,44.02
2/21/2013,14.88,89.95,43.52
2/22/2013,14.98,91.03,43.69
2/25/2013,14.88,89.02,43.04
2/26/2013,15.00,89.37,43.33
2/27/2013,15.15,90.31,43.72
2/28/2013,15.23,90.48,43.51
3/1/2013,15.20,90.89,43.57
