,VYM
3/1/13,53.43
2/28/13,53.25
2/27/13,53.33
2/26/13,52.71
2/25/13,52.39
2/22/13,53.21
2/21/13,52.76
2/20/13,52.98
2/19/13,53.37
2/15/13,52.95
2/14/13,52.92
2/13/13,52.93
2/12/13,52.87
2/11/13,52.75
2/8/13,52.73
2/7/13,52.58
2/6/13,52.63
2/5/13,52.54
2/4/13,52.13
2/1/13,52.62
1/31/13,52.17
1/30/13,52.33
1/29/13,52.53
1/28/13,52.14
1/25/13,52.18
1/24/13,51.89
1/23/13,51.71
1/22/13,51.72
1/18/13,51.52
1/17/13,51.35
1/16/13,50.91
1/15/13,51.03
1/14/13,50.96
1/11/13,50.87
1/10/13,50.85
1/9/13,50.49
1/8/13,50.3
1/7/13,50.49
1/4/13,50.66
1/3/13,50.47
1/2/13,50.56
12/31/12,49.38
12/28/12,48.63
12/27/12,49.22
12/26/12,49.28
12/24/12,49.48
12/21/12,49.67
12/20/12,50.07
12/19/12,50.32
12/18/12,50.72
12/17/12,50.34
12/14/12,49.94
12/13/12,50.05
12/12/12,50.31
12/11/12,50.27
12/10/12,50.04
12/7/12,49.99
12/6/12,49.73
12/5/12,49.66
12/4/12,49.42
12/3/12,49.47
11/30/12,49.73
11/29/12,49.64
11/28/12,49.51
11/27/12,49.1
11/26/12,49.32
11/23/12,49.45
11/21/12,48.84
11/20/12,48.69
11/19/12,48.63
11/16/12,47.9
11/15/12,47.69
11/14/12,47.82
11/13/12,48.48
11/12/12,48.62
11/9/12,48.7
11/8/12,48.72
11/7/12,49.21
11/6/12,50.26
11/5/12,49.86
11/2/12,49.87
11/1/12,50.3
10/31/12,49.9
10/26/12,49.85
10/25/12,49.89
10/24/12,49.69
10/23/12,49.78
10/22/12,50.44
10/19/12,50.54
10/18/12,51.32
10/17/12,51.29
10/16/12,50.97
10/15/12,50.59
10/12/12,50.18
10/11/12,50.35
10/10/12,50.32
10/9/12,50.75
10/8/12,51.18
10/5/12,51.26
10/4/12,51.12
10/3/12,50.73
10/2/12,50.6
10/1/12,50.54
9/28/12,50.4
9/27/12,50.56
9/26/12,50.3
9/25/12,50.48
9/24/12,50.81
9/21/12,51.15
9/20/12,51.18
9/19/12,50.99
9/18/12,50.97
9/17/12,50.92
9/14/12,51.07
9/13/12,51.08
9/12/12,50.34
9/11/12,50.29
9/10/12,50.19
9/7/12,50.36
9/6/12,50.33
9/5/12,49.44
9/4/12,49.47
8/31/12,49.53
8/30/12,49.34
8/29/12,49.63
8/28/12,49.61
8/27/12,49.6
8/24/12,49.6
8/23/12,49.27
8/22/12,49.64
8/21/12,49.76
8/20/12,49.94
8/17/12,49.98
8/16/12,49.99
8/15/12,49.78
8/14/12,49.8
8/13/12,49.73
8/10/12,49.84
8/9/12,49.69
8/8/12,49.7
8/7/12,49.57
8/6/12,49.51
8/3/12,49.46
8/2/12,48.69
8/1/12,49.09
7/31/12,49.15
7/30/12,49.33
7/27/12,49.27
7/26/12,48.53
7/25/12,47.74
7/24/12,47.65
7/23/12,48.08
7/20/12,48.54
7/19/12,48.84
7/18/12,48.82
7/17/12,48.5
7/16/12,48.14
7/13/12,48.25
7/12/12,47.53
7/11/12,47.65
7/10/12,47.66
7/9/12,47.87
7/6/12,47.91
7/5/12,48.28
7/3/12,48.48
7/2/12,48.26
6/29/12,48.12
6/28/12,47.14
6/27/12,47.08
6/26/12,46.69
6/25/12,46.48
6/22/12,47.46
6/21/12,47.15
6/20/12,48.01
6/19/12,48.07
6/18/12,47.7
6/15/12,47.68
6/14/12,47.29
6/13/12,46.73
6/12/12,46.88
6/11/12,46.41
6/8/12,46.83
6/7/12,46.49
6/6/12,46.34
6/5/12,45.39
6/4/12,45.25
6/1/12,45.3
5/31/12,46.2
5/30/12,46.23
5/29/12,46.81
5/25/12,46.43
5/24/12,46.54
5/23/12,46.29
5/22/12,46.39
5/21/12,46.31
5/18/12,45.92
5/17/12,46.2
5/16/12,46.64
5/15/12,46.73
5/14/12,46.94
5/11/12,47.35
5/10/12,47.48
5/9/12,47.24
5/8/12,47.58
5/7/12,47.71
5/4/12,47.75
5/3/12,48.31
5/2/12,48.55
5/1/12,48.68
4/30/12,48.46
4/27/12,48.55
4/26/12,48.53
4/25/12,48.2
4/24/12,47.81
4/23/12,47.54
4/20/12,47.94
4/19/12,47.6
4/18/12,47.79
4/17/12,47.98
4/16/12,47.37
4/13/12,47.14
4/12/12,47.57
4/11/12,47.1
4/10/12,46.78
4/9/12,47.53
4/5/12,48.03
4/4/12,48.15
4/3/12,48.49
4/2/12,48.75
3/30/12,48.47
3/29/12,48.22
3/28/12,48.27
3/27/12,48.49
3/26/12,48.6
3/23/12,48.34
3/22/12,48.21
3/21/12,48.46
3/20/12,48.54
3/19/12,48.67
3/16/12,48.59
3/15/12,48.63
3/14/12,48.42
3/13/12,48.56
3/12/12,47.86
3/9/12,47.68
3/8/12,47.53
3/7/12,47.25
3/6/12,46.98
3/5/12,47.56
3/2/12,47.59
3/1/12,47.67
2/29/12,47.51
2/28/12,47.66
2/27/12,47.54
2/24/12,47.48
2/23/12,47.4
2/22/12,47.25
2/21/12,47.42
2/17/12,47.43
2/16/12,47.25
2/15/12,46.75
2/14/12,46.97
2/13/12,47.02
2/10/12,46.74
2/9/12,47.06
2/8/12,47.08
2/7/12,47.02
2/6/12,46.9
2/3/12,46.93
2/2/12,46.45
2/1/12,46.43
1/31/12,46.06
1/30/12,46.15
1/27/12,46.32
1/26/12,46.54
1/25/12,46.66
1/24/12,46.38
1/23/12,46.51
1/20/12,46.59
1/19/12,46.37
1/18/12,46.24
1/17/12,45.93
1/13/12,45.88
1/12/12,45.98
1/11/12,45.9
1/10/12,45.93
1/9/12,45.63
1/6/12,45.58
1/5/12,45.68
1/4/12,45.68
1/3/12,45.68
12/30/11,45.26
12/29/11,45.46
12/28/11,44.95
12/27/11,45.45
12/23/11,45.41
12/22/11,44.94
12/21/11,44.73
12/20/11,44.77
12/19/11,43.64
12/16/11,44.05
12/15/11,43.96
12/14/11,43.63
12/13/11,43.94
12/12/11,44.07
12/9/11,44.55
12/8/11,43.92
12/7/11,44.61
12/6/11,44.51
12/5/11,44.35
12/2/11,44.03
12/1/11,44.11
11/30/11,44.23
11/29/11,42.67
11/28/11,42.38
11/25/11,41.38
11/23/11,41.45
11/22/11,42.22
11/21/11,42.42
11/18/11,43.11
11/17/11,43.1
11/16/11,43.54
11/15/11,44.14
11/14/11,44
11/11/11,44.38
11/10/11,43.67
11/9/11,43.2
11/8/11,44.52
11/7/11,44.07
11/4/11,43.73
11/3/11,43.97
11/2/11,43.29
11/1/11,42.72
10/31/11,43.68
10/28/11,44.6
10/27/11,44.73
10/26/11,43.65
10/25/11,43.2
10/24/11,43.88
10/21/11,43.67
10/20/11,42.94
10/19/11,42.73
10/18/11,42.97
10/17/11,42.27
10/14/11,42.89
10/13/11,42.39
10/12/11,42.43
10/11/11,42.08
10/10/11,42.17
10/7/11,41.07
10/6/11,41.05
10/5/11,40.64
10/4/11,40.07
10/3/11,39.43
9/30/11,40.42
9/29/11,41.08
9/28/11,40.56
9/27/11,41.27
9/26/11,40.72
9/23/11,39.94
9/22/11,40.06
9/21/11,41.11
9/20/11,42.29
9/19/11,42.17
9/16/11,42.61
9/15/11,42.3
9/14/11,41.72
9/13/11,41.19
9/12/11,40.87
9/9/11,40.68
9/8/11,41.66
9/7/11,41.99
9/6/11,41.08
9/2/11,41.36
9/1/11,42.21
8/31/11,42.52
8/30/11,42.4
8/29/11,42.27
8/26/11,41.29
8/25/11,40.84
8/24/11,41.61
8/23/11,41.05
8/22/11,39.89
8/19/11,39.9
8/18/11,40.25
8/17/11,41.61
8/16/11,41.47
8/15/11,41.66
8/12/11,40.82
8/11/11,40.49
8/10/11,39.02
8/9/11,40.61
8/8/11,39.19
8/5/11,41.39
8/4/11,41.17
8/3/11,42.87
8/2/11,42.73
8/1/11,43.63
7/29/11,43.76
7/28/11,44.09
7/27/11,44.36
7/26/11,45.02
7/25/11,45.28
7/22/11,45.53
7/21/11,45.62
7/20/11,45.1
7/19/11,45.13
7/18/11,44.59
7/15/11,44.99
7/14/11,44.88
7/13/11,45.09
7/12/11,45
7/11/11,45.15
7/8/11,45.69
7/7/11,45.95
7/6/11,45.58
7/5/11,45.45
7/1/11,45.54
6/30/11,44.99
6/29/11,44.58
6/28/11,44.32
6/27/11,43.84
6/24/11,43.52
6/23/11,44.27
6/22/11,44.47
6/21/11,44.75
6/20/11,44.41
6/17/11,44.09
6/16/11,43.96
6/15/11,43.73
6/14/11,44.38
6/13/11,43.88
6/10/11,43.73
6/9/11,44.35
6/8/11,44.12
6/7/11,44.15
6/6/11,44.12
6/3/11,44.44
6/2/11,44.85
6/1/11,45.07
5/31/11,45.84
5/27/11,45.42
5/26/11,45.31
5/25/11,45.2
5/24/11,45.12
5/23/11,45.21
5/20/11,45.67
5/19/11,45.98
5/18/11,45.85
5/17/11,45.47
5/16/11,45.53
5/13/11,45.67
5/12/11,45.94
5/11/11,45.63
5/10/11,45.93
5/9/11,45.64
5/6/11,45.45
5/5/11,45.29
5/4/11,45.78
5/3/11,45.99
5/2/11,46.1
4/29/11,46.11
4/28/11,46.06
4/27/11,45.85
4/26/11,45.56
4/25/11,45.05
4/21/11,45.08
4/20/11,45.02
4/19/11,44.38
4/18/11,44.19
4/15/11,44.69
4/14/11,44.41
4/13/11,44.28
4/12/11,44.28
4/11/11,44.66
4/8/11,44.68
4/7/11,44.79
4/6/11,44.88
4/5/11,44.71
4/4/11,44.66
4/1/11,44.56
3/31/11,44.33
3/30/11,44.4
3/29/11,44.05
3/28/11,43.81
3/25/11,43.87
3/24/11,44.01
3/23/11,43.69
3/22/11,43.6
3/21/11,43.69
3/18/11,43.02
3/17/11,42.79
3/16/11,42.31
3/15/11,43.07
3/14/11,43.58
3/11/11,43.81
3/10/11,43.62
3/9/11,44.33
3/8/11,44.3
3/7/11,43.93
3/4/11,44.2
3/3/11,44.48
3/2/11,43.89
3/1/11,43.81
2/28/11,44.33
2/25/11,44.01
2/24/11,43.77
2/23/11,43.84
2/22/11,44.01
2/18/11,44.55
2/17/11,44.4
2/16/11,44.14
2/15/11,43.93
2/14/11,44.05
2/11/11,43.96
2/10/11,43.81
2/9/11,43.83
2/8/11,43.9
2/7/11,43.75
2/4/11,43.55
2/3/11,43.46
2/2/11,43.39
2/1/11,43.46
1/31/11,42.83
1/28/11,42.67
1/27/11,43.29
1/26/11,43.27
1/25/11,43.15
1/24/11,43.11
1/21/11,42.87
1/20/11,42.69
1/19/11,42.66
1/18/11,42.91
1/14/11,42.78
1/13/11,42.61
1/12/11,42.7
1/11/11,42.37
1/10/11,42.29
1/7/11,42.44
1/6/11,42.49
1/5/11,42.55
1/4/11,42.5
1/3/11,42.48
12/31/10,42.22
12/30/10,42.22
12/29/10,42.28
12/28/10,42.25
12/27/10,42.18
12/23/10,42.22
12/22/10,42.23
12/21/10,42.41
12/20/10,42.33
12/17/10,42.32
12/16/10,42.31
12/15/10,42.04
12/14/10,42.18
12/13/10,42.01
12/10/10,41.98
12/9/10,41.73
12/8/10,41.61
12/7/10,41.49
12/6/10,41.36
12/3/10,41.42
12/2/10,41.33
12/1/10,40.89
11/30/10,40.02
11/29/10,40.2
11/26/10,40.25
11/24/10,40.54
11/23/10,40.06
11/22/10,40.58
11/19/10,40.66
11/18/10,40.57
11/17/10,40.04
11/16/10,40.04
11/15/10,40.61
11/12/10,40.59
11/11/10,40.99
11/10/10,41.05
11/9/10,40.99
11/8/10,41.21
11/5/10,41.35
11/4/10,41.29
11/3/10,40.58
11/2/10,40.5
11/1/10,40.2
10/29/10,40.24
10/28/10,40.23
10/27/10,40.16
10/26/10,40.31
10/25/10,40.31
10/22/10,40.22
10/21/10,40.22
10/20/10,40.14
10/19/10,39.74
10/18/10,40.24
10/15/10,40.01
10/14/10,40.07
10/13/10,40.12
10/12/10,39.92
10/11/10,39.81
10/8/10,39.82
10/7/10,39.59
10/6/10,39.67
10/5/10,39.57
10/4/10,38.82
10/1/10,39.13
9/30/10,38.96
9/29/10,39.07
9/28/10,39.23
9/27/10,39.02
9/24/10,39.19
9/23/10,38.8
9/22/10,39.11
9/21/10,39.26
9/20/10,39.33
9/17/10,38.78
9/16/10,38.74
9/15/10,38.75
9/14/10,38.62
9/13/10,38.67
9/10/10,38.28
9/9/10,38.12
9/8/10,37.91
9/7/10,37.74
9/3/10,38.14
9/2/10,37.75
9/1/10,37.48
8/31/10,36.53
8/30/10,36.5
8/27/10,37.02
8/26/10,36.49
8/25/10,36.67
8/24/10,36.55
8/23/10,36.97
8/20/10,37.04
8/19/10,37.17
8/18/10,37.8
8/17/10,37.76
8/16/10,37.3
8/13/10,37.32
8/12/10,37.43
8/11/10,37.56
8/10/10,38.47
8/9/10,38.65
8/6/10,38.41
8/5/10,38.48
8/4/10,38.58
8/3/10,38.37
8/2/10,38.51
7/30/10,37.79
7/29/10,37.78
7/28/10,37.95
7/27/10,38.18
7/26/10,38.12
7/23/10,37.7
7/22/10,37.38
7/21/10,36.62
7/20/10,37.05
7/19/10,36.6
7/16/10,36.44
7/15/10,37.31
7/14/10,37.27
7/13/10,37.36
7/12/10,36.81
7/9/10,36.75
7/8/10,36.58
7/7/10,36.18
7/6/10,35.18
7/2/10,35.04
7/1/10,35.15
6/30/10,35.22
6/29/10,35.52
6/28/10,36.47
6/25/10,36.48
6/24/10,36.46
6/23/10,37.27
6/22/10,37.43
6/21/10,37.99
6/18/10,38.12
6/17/10,38.09
6/16/10,38.01
6/15/10,38.03
6/14/10,37.22
6/11/10,37.25
6/10/10,37.14
6/9/10,36.2
6/8/10,36.3
6/7/10,35.84
6/4/10,36.24
6/3/10,37.55
6/2/10,37.45
6/1/10,36.61
5/28/10,37.08
5/27/10,37.51
5/26/10,36.35
5/25/10,36.63
5/24/10,36.7
5/21/10,37.15
5/20/10,36.86
5/19/10,38.21
5/18/10,38.41
5/17/10,38.85
5/14/10,38.75
5/13/10,39.44
5/12/10,39.84
5/11/10,39.39
5/10/10,39.44
5/7/10,37.96
5/6/10,38.4
5/5/10,39.65
5/4/10,39.94
5/3/10,40.76
4/30/10,40.25
4/29/10,40.79
4/28/10,40.29
4/27/10,40.07
4/26/10,40.88
4/23/10,40.98
4/22/10,40.75
4/21/10,40.76
4/20/10,40.81
4/19/10,40.53
4/16/10,40.37
4/15/10,40.81
4/14/10,40.76
4/13/10,40.42
4/12/10,40.38
4/9/10,40.28
4/8/10,39.97
4/7/10,39.86
4/6/10,40.11
4/5/10,40.08
4/1/10,39.84
3/31/10,39.58
3/30/10,39.69
3/29/10,39.68
3/26/10,39.46
3/25/10,39.45
3/24/10,39.82
3/23/10,40.1
3/22/10,39.76
3/19/10,39.57
3/18/10,39.73
3/17/10,39.7
3/16/10,39.47
3/15/10,39.17
3/12/10,39.04
3/11/10,39.03
3/10/10,38.91
3/9/10,38.81
3/8/10,38.75
3/5/10,38.75
3/4/10,38.28
3/3/10,38.16
3/2/10,38.18
3/1/10,38.06
2/26/10,37.73
2/25/10,37.76
2/24/10,37.88
2/23/10,37.57
2/22/10,37.96
2/19/10,38.02
2/18/10,37.93
2/17/10,37.66
2/16/10,37.53
2/12/10,36.95
2/11/10,36.97
2/10/10,36.64
2/9/10,36.68
2/8/10,36.2
2/5/10,36.52
2/4/10,36.51
2/3/10,37.53
2/2/10,37.82
2/1/10,37.27
1/29/10,36.83
1/28/10,37.16
1/27/10,37.52
1/26/10,37.42
1/25/10,37.52
1/22/10,37.34
1/21/10,38.03
1/20/10,38.79
1/19/10,39.14
1/15/10,38.72
1/14/10,39.07
1/13/10,39.01
1/12/10,38.68
1/11/10,38.91
1/8/10,38.72
1/7/10,38.65
1/6/10,38.58
1/5/10,38.5
1/4/10,38.5
12/31/09,38
12/30/09,38.37
12/29/09,38.45
12/28/09,38.44
12/24/09,38.38
12/23/09,38.21
12/22/09,38.14
12/21/09,38.37
12/18/09,37.97
12/17/09,37.9
12/16/09,38.3
12/15/09,38.34
12/14/09,38.58
12/11/09,38.35
12/10/09,38.1
12/9/09,38
12/8/09,37.82
12/7/09,38.29
12/4/09,38.33
12/3/09,38.07
12/2/09,38.37
12/1/09,38.3
11/30/09,37.9
11/27/09,37.69
11/25/09,38.31
11/24/09,38.14
11/23/09,38.16
11/20/09,37.68
11/19/09,37.71
11/18/09,38.19
11/17/09,38.11
11/16/09,38.15
11/13/09,37.53
11/12/09,37.4
11/11/09,37.76
11/10/09,37.61
11/9/09,37.56
11/6/09,36.69
11/5/09,36.57
11/4/09,35.85
11/3/09,35.83
11/2/09,35.88
10/30/09,35.73
10/29/09,36.8
10/28/09,36.01
10/27/09,36.65
10/26/09,36.74
10/23/09,37.34
10/22/09,37.81
10/21/09,37.33
10/20/09,37.79
10/19/09,38.05
10/16/09,37.7
10/15/09,38.15
10/14/09,38.03
10/13/09,37.4
10/12/09,37.54
10/9/09,37.3
10/8/09,37.08
10/7/09,36.84
10/6/09,36.76
10/5/09,36.28
10/2/09,35.59
10/1/09,35.78
9/30/09,36.72
9/29/09,36.97
9/28/09,36.98
9/25/09,36.32
9/24/09,36.55
9/23/09,37.23
9/22/09,37.48
9/21/09,37.23
9/18/09,37.48
9/17/09,37.38
9/16/09,37.51
9/15/09,36.85
9/14/09,36.61
9/11/09,36.34
9/10/09,36.42
9/9/09,36.16
9/8/09,35.84
9/4/09,35.55
9/3/09,35.15
9/2/09,34.8
9/1/09,35.04
8/31/09,35.94
8/28/09,36.19
8/27/09,36.27
8/26/09,36.13
8/25/09,36.08
8/24/09,35.98
8/21/09,36.05
8/20/09,35.27
8/19/09,34.92
8/18/09,34.69
8/17/09,34.38
8/14/09,35.19
8/13/09,35.46
8/12/09,35.22
8/11/09,34.78
8/10/09,35.42
8/7/09,35.51
8/6/09,34.95
8/5/09,35.06
8/4/09,34.95
8/3/09,34.76
7/31/09,34.26
7/30/09,34.14
7/29/09,33.62
7/28/09,33.79
7/27/09,33.88
7/24/09,33.67
7/23/09,33.45
7/22/09,32.63
7/21/09,32.63
7/20/09,32.5
7/17/09,32.24
7/16/09,32.35
7/15/09,32.16
7/14/09,31.2
7/13/09,30.97
7/10/09,30.18
7/9/09,30.27
7/8/09,30.24
7/7/09,30.32
7/6/09,30.9
7/2/09,30.91
7/1/09,31.72
6/30/09,31.56
6/29/09,31.75
6/26/09,31.39
6/25/09,31.46
6/24/09,30.84
6/23/09,30.89
6/22/09,30.94
6/19/09,31.8
6/18/09,31.73
6/17/09,31.36
6/16/09,31.55
6/15/09,32
6/12/09,32.78
6/11/09,32.7
6/10/09,32.37
6/9/09,32.49
6/8/09,32.37
6/5/09,32.41
6/4/09,32.48
6/3/09,32.15
6/2/09,32.65
6/1/09,32.72
5/29/09,31.94
5/28/09,31.45
5/27/09,30.99
5/26/09,31.68
5/22/09,30.95
5/21/09,30.97
5/20/09,31.43
5/19/09,31.68
5/18/09,31.81
5/15/09,30.86
5/14/09,31.24
5/13/09,31.01
5/12/09,31.83
5/11/09,31.97
5/8/09,32.81
5/7/09,31.85
5/6/09,32.23
5/5/09,31.42
5/4/09,31.6
5/1/09,30.24
4/30/09,30.19
4/29/09,30.06
4/28/09,29.56
4/27/09,29.75
4/24/09,30
4/23/09,29.65
4/22/09,29.36
4/21/09,29.53
4/20/09,28.89
4/17/09,30.44
4/16/09,30.15
4/15/09,29.78
4/14/09,29.19
4/13/09,30
4/9/09,29.74
4/8/09,28.3
4/7/09,28.13
4/6/09,28.84
4/3/09,29.04
4/2/09,28.64
4/1/09,27.96
3/31/09,27.38
3/30/09,27.1
3/27/09,28.21
3/26/09,28.69
3/25/09,28.25
3/24/09,28.1
3/23/09,28.74
3/20/09,26.75
3/19/09,27.3
3/18/09,27.79
3/17/09,26.93
3/16/09,26.1
3/13/09,26.09
3/12/09,25.78
3/11/09,24.56
3/10/09,24.46
3/9/09,22.94
3/6/09,23.07
3/5/09,22.93
3/4/09,24.07
3/3/09,23.58
3/2/09,24.02
2/27/09,25.25
2/26/09,25.98
2/25/09,26.25
2/24/09,26.47
2/23/09,25.37
2/20/09,26.18
2/19/09,26.66
2/18/09,27.03
2/17/09,27.27
2/13/09,28.61
2/12/09,29.06
2/11/09,29.15
2/10/09,28.75
2/9/09,30.44
2/6/09,30.3
2/5/09,29.35
2/4/09,29.05
2/3/09,29.33
2/2/09,29.11
1/30/09,29.24
1/29/09,29.86
1/28/09,31.04
1/27/09,29.99
1/26/09,29.62
1/23/09,29.58
1/22/09,29.4
1/21/09,29.96
1/20/09,28.75
1/16/09,30.48
1/15/09,30.46
1/14/09,30.68
1/13/09,31.7
1/12/09,31.72
1/9/09,32.52
1/8/09,33.23
1/7/09,33.12
1/6/09,34.18
1/5/09,34.06
1/2/09,34.38
12/31/08,33.6
12/30/08,32.94
12/29/08,32.09
12/26/08,32.31
12/24/08,32.09
12/23/08,32.07
12/22/08,32.29
12/19/08,33.08
12/18/08,33.1
12/17/08,33.7
12/16/08,34.08
12/15/08,32.4
12/12/08,32.78
12/11/08,32.62
12/10/08,33.68
12/9/08,33.35
12/8/08,34.27
12/5/08,33.54
12/4/08,32.29
12/3/08,33.15
12/2/08,32.11
12/1/08,30.71
11/28/08,33.75
11/26/08,33.21
11/25/08,32.26
11/24/08,31.68
11/21/08,30.02
11/20/08,28.51
11/19/08,30.48
11/18/08,32.24
11/17/08,32.25
11/14/08,32.82
11/13/08,34.34
11/12/08,32.09
11/11/08,33.71
11/10/08,34.2
11/7/08,34.6
11/6/08,33.63
11/5/08,35.25
11/4/08,37.3
11/3/08,35.87
10/31/08,35.73
10/30/08,35.4
10/29/08,34.5
10/28/08,35.53
10/27/08,32.02
10/24/08,32.82
10/23/08,34
10/22/08,33.82
10/21/08,35.51
10/20/08,36.25
10/17/08,34.74
10/16/08,35.12
10/15/08,33.93
10/14/08,36.98
10/13/08,36.55
10/10/08,35.15
10/9/08,33.25
10/8/08,35.98
10/7/08,36.81
10/6/08,39.14
10/3/08,40.49
10/2/08,41.17
10/1/08,42.28
9/30/08,41.96
9/29/08,41.3
9/26/08,43.53
9/25/08,43.04
9/24/08,42.28
9/23/08,42.83
9/22/08,43.51
9/19/08,45.21
9/18/08,43.17
9/17/08,41.25
9/16/08,43.19
9/15/08,42.67
9/12/08,44.38
9/11/08,44.17
9/10/08,43.8
9/9/08,43.95
9/8/08,45.2
9/5/08,43.95
9/4/08,43.56
9/3/08,44.79
9/2/08,44.64
8/29/08,44.41
8/28/08,44.84
8/27/08,44
8/26/08,43.63
8/25/08,43.62
8/22/08,44.46
8/21/08,43.83
8/20/08,43.76
8/19/08,43.62
8/18/08,44.21
8/15/08,44.89
8/14/08,44.56
8/13/08,44.35
8/12/08,44.73
8/11/08,45.37
8/8/08,44.88
8/7/08,43.76
8/6/08,44.72
8/5/08,44.58
8/4/08,43.44
8/1/08,43.6
7/31/08,43.65
7/30/08,44.17
7/29/08,43.51
7/28/08,42.33
7/25/08,43.09
7/24/08,43.32
7/23/08,44.36
7/22/08,43.99
7/21/08,43.06
7/18/08,43.25
7/17/08,42.97
7/16/08,42.29
7/15/08,40.9
7/14/08,41.38
7/11/08,42.07
7/10/08,42.41
7/9/08,42.36
7/8/08,43.08
7/7/08,42.08
7/3/08,42.43
7/2/08,42.39
7/1/08,43
6/30/08,42.82
6/27/08,42.79
6/26/08,43.12
6/25/08,44.74
6/24/08,44.17
6/23/08,44.5
6/20/08,44.67
6/19/08,45.45
6/18/08,45.29
6/17/08,45.79
6/16/08,46.21
6/13/08,45.97
6/12/08,45.68
6/11/08,45.62
6/10/08,46.39
6/9/08,46.34
6/6/08,46.47
6/5/08,47.97
6/4/08,47.22
6/3/08,47.43
6/2/08,47.7
5/30/08,48.15
5/29/08,48.28
5/28/08,47.73
5/27/08,47.71
5/23/08,47.5
5/22/08,48.09
5/21/08,47.89
5/20/08,48.6
5/19/08,49.2
5/16/08,49.08
5/15/08,49.15
5/14/08,48.82
5/13/08,48.5
5/12/08,48.64
5/9/08,48.09
5/8/08,48.35
5/7/08,48.47
5/6/08,49.33
5/5/08,49.09
5/2/08,49.45
5/1/08,49.21
4/30/08,48.21
4/29/08,48.4
4/28/08,48.69
4/25/08,48.58
4/24/08,48.25
4/23/08,47.69
4/22/08,47.71
4/21/08,48.08
4/18/08,48.33
4/17/08,47.83
4/16/08,47.72
4/15/08,46.87
4/14/08,46.57
4/11/08,47.05
4/10/08,47.95
4/9/08,47.9
4/8/08,48.41
4/7/08,48.6
4/4/08,48.52
4/3/08,48.62
4/2/08,48.62
4/1/08,48.84
3/31/08,47.17
3/28/08,46.83
3/27/08,47.54
3/26/08,47.54
3/25/08,48.22
3/24/08,48.52
3/20/08,48.11
3/19/08,46.67
3/18/08,47.11
3/17/08,45.68
3/14/08,45.82
3/13/08,46.63
3/12/08,46.53
3/11/08,46.68
3/10/08,45.16
3/7/08,45.7
3/6/08,46
3/5/08,47.09
3/4/08,46.94
3/3/08,47.07
2/29/08,47.06
2/28/08,48.33
2/27/08,48.85
2/26/08,49
2/25/08,48.74
2/22/08,48.15
2/21/08,47.7
2/20/08,48.27
2/19/08,48.11
2/15/08,48.26
2/14/08,48.13
2/13/08,48.83
2/12/08,48.23
2/11/08,47.9
2/8/08,47.69
2/7/08,48.29
2/6/08,47.77
2/5/08,48.1
2/4/08,49.6
2/1/08,50.21
1/31/08,49.43
1/30/08,48.23
1/29/08,48.8
1/28/08,48.34
1/25/08,47.36
1/24/08,48.15
1/23/08,47.96
1/22/08,46.49
1/18/08,46.73
1/17/08,47.22
1/16/08,49.08
1/15/08,48.72
1/14/08,49.83
1/11/08,49.6
1/10/08,50.4
1/9/08,49.68
1/8/08,49.17
1/7/08,50.01
1/4/08,49.65
1/3/08,50.53
1/2/08,50.46
12/31/07,51.1
12/28/07,51.46
12/27/07,51.58
12/26/07,52.25
12/24/07,52.17
12/21/07,51.91
12/20/07,51.24
12/19/07,51.13
12/18/07,51.43
12/17/07,50.99
12/14/07,51.67
12/13/07,52.77
12/12/07,52.71
12/11/07,52.58
12/10/07,53.69
12/7/07,53.4
12/6/07,53.3
12/5/07,52.65
12/4/07,51.96
12/3/07,52.3
11/30/07,52.62
11/29/07,51.97
11/28/07,51.76
11/27/07,50.54
11/26/07,49.83
11/23/07,50.88
11/21/07,50.16
11/20/07,51.02
11/19/07,50.78
11/16/07,51.65
11/15/07,51.71
11/14/07,52.28
11/13/07,52.5
11/12/07,51.22
11/9/07,51.5
11/8/07,51.88
11/7/07,51.53
11/6/07,53.02
11/5/07,52.58
11/2/07,52.8
11/1/07,53.03
10/31/07,54.48
10/30/07,54.22
10/29/07,54.6
10/26/07,54.3
10/25/07,53.76
10/24/07,53.53
10/23/07,53.54
10/22/07,53.44
10/19/07,53.17
10/18/07,54.37
10/17/07,54.32
10/16/07,54.58
10/15/07,54.99
10/12/07,55.39
10/11/07,55.41
10/10/07,55.54
10/9/07,55.66
10/8/07,55.31
10/5/07,55.6
10/4/07,55.21
10/3/07,55.09
10/2/07,55.22
10/1/07,55.23
9/28/07,54.65
9/27/07,54.76
9/26/07,54.71
9/25/07,54.33
9/24/07,54.33
9/21/07,55.13
9/20/07,54.93
9/19/07,55.27
9/18/07,54.96
9/17/07,53.41
9/14/07,53.66
9/13/07,53.5
9/12/07,53.2
9/11/07,52.94
9/10/07,52.36
9/7/07,52.48
9/6/07,53.19
9/5/07,53.06
9/4/07,53.62
8/31/07,53.1
8/30/07,52.65
8/29/07,52.91
8/28/07,51.99
8/27/07,53.16
8/24/07,53.6
8/23/07,53.13
8/22/07,53.11
8/21/07,52.63
8/20/07,52.7
8/17/07,52.83
8/16/07,51.56
8/15/07,51
8/14/07,51.5
8/13/07,52.1
8/10/07,52.53
8/9/07,52.48
8/8/07,53.93
8/7/07,53.25
8/6/07,52.63
8/3/07,51.46
8/2/07,52.78
8/1/07,52.54
7/31/07,52.1
7/30/07,52.59
7/27/07,52.26
7/26/07,53.03
7/25/07,54.02
7/24/07,53.95
7/23/07,55.1
7/20/07,54.71
7/19/07,55.47
7/18/07,55.26
7/17/07,55.44
7/16/07,55.58
7/13/07,55.63
7/12/07,55.36
7/11/07,54.27
7/10/07,54.02
7/9/07,54.77
7/6/07,54.58
7/5/07,54.61
7/3/07,54.51
7/2/07,54.48
6/29/07,53.92
6/28/07,54.1
6/27/07,54
6/26/07,53.5
6/25/07,53.57
6/22/07,54
6/21/07,54.64
6/20/07,54.61
6/19/07,55.28
6/18/07,55.13
6/15/07,55.25
6/14/07,54.92
6/13/07,54.52
6/12/07,53.9
6/11/07,54.46
6/8/07,54.59
6/7/07,53.83
6/6/07,54.79
6/5/07,55.21
6/4/07,55.55
6/1/07,55.44
5/31/07,55.36
5/30/07,55.3
5/29/07,55
5/25/07,54.85
5/24/07,54.72
5/23/07,55.23
5/22/07,55.31
5/21/07,55.26
5/18/07,55.26
5/17/07,54.98
5/16/07,54.99
5/15/07,54.51
5/14/07,54.35
5/11/07,54.4
5/10/07,54.12
5/9/07,54.79
5/8/07,54.55
5/7/07,54.62
5/4/07,54.48
5/3/07,54.38
5/2/07,54.11
5/1/07,53.71
4/30/07,53.74
4/27/07,54.06
4/26/07,54.09
4/25/07,53.89
4/24/07,53.47
4/23/07,53.55
4/20/07,53.64
4/19/07,53.26
4/18/07,53.4
4/17/07,53.26
4/16/07,53.17
4/13/07,52.56
4/12/07,52.29
4/11/07,52.18
4/10/07,52.46
4/9/07,52.27
4/5/07,52.22
4/4/07,52.11
4/3/07,51.97
4/2/07,51.65
3/30/07,51.56
3/29/07,51.69
3/28/07,51.48
3/27/07,51.82
3/26/07,52.04
3/23/07,52.27
3/22/07,52.16
3/21/07,51.95
3/20/07,51.29
3/19/07,50.87
3/16/07,50.38
3/15/07,50.61
3/14/07,50.36
3/13/07,50.16
3/12/07,51.03
3/9/07,51.04
3/8/07,50.95
3/7/07,50.58
3/6/07,50.74
3/5/07,50
3/2/07,50.45
3/1/07,51.07
2/28/07,51.19
2/27/07,51.07
2/26/07,52.6
2/23/07,52.48
2/22/07,52.6
2/21/07,52.64
2/20/07,52.79
2/16/07,52.69
2/15/07,52.74
2/14/07,52.79
2/13/07,52.45
2/12/07,52.05
2/9/07,52.16
2/8/07,52.34
2/7/07,52.37
2/6/07,52.44
2/5/07,52.38
2/2/07,52.42
2/1/07,52.34
1/31/07,52
1/30/07,51.66
1/29/07,51.48
1/26/07,51.45
1/25/07,51.51
1/24/07,52.08
1/23/07,51.67
1/22/07,51.54
1/19/07,51.72
1/18/07,51.54
1/17/07,51.53
1/16/07,51.5
1/12/07,51.5
1/11/07,51.33
1/10/07,51.14
1/9/07,51.2
1/8/07,51.24
1/5/07,51.23
1/4/07,51.59
1/3/07,51.72
12/29/06,51.71
12/28/06,52.05
12/27/06,52.04
12/26/06,51.68
12/22/06,51.37
12/21/06,51.73
12/20/06,51.89
12/19/06,51.92
12/18/06,51.75
12/15/06,51.85
12/14/06,51.78
12/13/06,51.31
12/12/06,51.18
12/11/06,51.05
12/8/06,51
12/7/06,50.89
12/6/06,50.98
12/5/06,51.06
12/4/06,50.85
12/1/06,50.38
11/30/06,50.68
11/29/06,50.59
11/28/06,50.05
11/27/06,49.9
11/24/06,50.43
11/22/06,50.51
11/21/06,50.5
11/20/06,50.56
11/17/06,50.54
11/16/06,50.46
